basYm,rprSexNm,rprAggrNm,estbYr,bizAreaNm,bizBzcCd,bizBzcCdNm,empeCntNm,fnafBasYr,saleAmt
202208,여성,30대,2010,강원도 강릉시,96,기타 개인 서비스업,0명,2014,1000000
202208,여성,60대,2019,강원도 강릉시,56,음식점 및 주점업,0명,2020,2000000
202208,남성,50대,2001,강원도 강릉시,41,종합 건설업,0명,2021,5000000
202208,여성,60대,2016,강원도 강릉시,56,음식점 및 주점업,0명,2022,2000000
202208,남성,40대,2009,강원도 강릉시,45,자동차 및 부품 판매업,0명,2012,1000000
202208,남성,60대,2015,강원도 강릉시,45,자동차 및 부품 판매업,0명,2022,2000000
202208,여성,40대,2020,강원도 강릉시,56,음식점 및 주점업,0명,2022,4000000
202208,여성,50대,2014,강원도 강릉시,56,음식점 및 주점업,0명,2021,2000000
202208,남성,50대,2016,강원도 강릉시,42,전문직별 공사업,0명,2022,4000000
202208,여성,50대,2016,강원도 강릉시,96,기타 개인 서비스업,0명,2021,5000000
202208,남성,40대,2007,강원도 강릉시,46,도매 및 상품 중개업,0명,2018,1096000000
202208,남성,40대,2005,강원도 강릉시,46,도매 및 상품 중개업,1명 이상 5명 미만,2020,465000000
202208,남성,50대,2018,강원도 강릉시,46,도매 및 상품 중개업,1명 이상 5명 미만,2021,1096000000
202208,여성,50대,2013,강원도 강릉시,96,기타 개인 서비스업,0명,2014,2000000
202208,여성,50대,2016,강원도 강릉시,45,자동차 및 부품 판매업,0명,2020,3000000
202208,남성,30대,2018,강원도 강릉시,56,음식점 및 주점업,0명,2021,4000000
202208,여성,40대,2019,강원도 강릉시,56,음식점 및 주점업,0명,2022,2000000
202208,남성,40대,2019,강원도 강릉시,56,음식점 및 주점업,0명,2020,2000000
202208,남성,50대,2014,강원도 강릉시,10,식료품 제조업,10명 이상 30명 미만,2021,1096000000
202208,남성,60대,2000,강원도 강릉시,46,도매 및 상품 중개업,0명,2020,1002000000
202208,남성,50대,2004,강원도 강릉시,46,도매 및 상품 중개업,1명 이상 5명 미만,2020,333000000
202208,여성,50대,2017,강원도 강릉시,47,소매업; 자동차 제외,1명 이상 5명 미만,2021,1096000000
202208,여성,60대,2002,강원도 강릉시,45,자동차 및 부품 판매업,1명 이상 5명 미만,2021,1096000000
202208,남성,40대,2009,강원도 강릉시,96,기타 개인 서비스업,0명,2021,5000000
202208,남성,50대,2019,강원도 강릉시,41,종합 건설업,0명,2022,2000000
202208,여성,60대,2015,강원도 강릉시,45,자동차 및 부품 판매업,0명,2022,3000000
202208,남성,40대,2016,강원도 강릉시,46,도매 및 상품 중개업,1명 이상 5명 미만,2021,1096000000
202208,남성,50대,2004,강원도 강릉시,46,도매 및 상품 중개업,5명 이상 10명 미만,2019,1096000000
202208,남성,40대,2010,강원도 강릉시,46,도매 및 상품 중개업,1명 이상 5명 미만,2020,1096000000
202208,남성,50대,2013,강원도 강릉시,45,자동차 및 부품 판매업,0명,2022,5000000
202208,여성,40대,2013,강원도 강릉시,96,기타 개인 서비스업,0명,2021,5000000
202208,여성,50대,2010,강원도 강릉시,96,기타 개인 서비스업,0명,2013,2000000
202208,남성,60대,2002,강원도 강릉시,49,육상 운송 및 파이프라인 운송업,0명,2021,3000000
202208,남성,40대,2021,강원도 강릉시,56,음식점 및 주점업,0명,2022,3000000
202208,남성,30대,2018,강원도 강릉시,47,소매업; 자동차 제외,5명 이상 10명 미만,2020,746000000
202208,남성,50대,2001,강원도 강릉시,95,개인 및 소비용품 수리업,1명 이상 5명 미만,2021,258000000
202208,남성,70대,1993,강원도 강릉시,46,도매 및 상품 중개업,1명 이상 5명 미만,2018,545000000
202208,남성,60대,1996,강원도 강릉시,10,식료품 제조업,1명 이상 5명 미만,2020,1096000000
202208,남성,50대,2007,강원도 강릉시,86,보건업,1명 이상 5명 미만,2020,393000000
202208,남성,50대,2004,강원도 강릉시,45,자동차 및 부품 판매업,1명 이상 5명 미만,2018,146000000
202208,여성,50대,1999,강원도 강릉시,47,소매업; 자동차 제외,5명 이상 10명 미만,2018,829000000
202208,여성,50대,2015,강원도 강릉시,46,도매 및 상품 중개업,0명,2019,258000000
202208,남성,30대,2019,강원도 강릉시,47,소매업; 자동차 제외,1명 이상 5명 미만,2021,1096000000
202208,남성,40대,2005,강원도 강릉시,46,도매 및 상품 중개업,0명,2021,461000000
202208,남성,50대,2012,강원도 강릉시,46,도매 및 상품 중개업,0명,2019,1033000000
202208,남성,50대,2012,강원도 강릉시,45,자동차 및 부품 판매업,0명,2020,2000000
202208,여성,60대,2009,강원도 강릉시,45,자동차 및 부품 판매업,0명,2022,4000000
202208,여성,50대,2016,강원도 강릉시,56,음식점 및 주점업,0명,2017,2000000
202208,여성,70대,2015,강원도 강릉시,45,자동차 및 부품 판매업,0명,2021,3000000
202208,남성,50대,1993,강원도 강릉시,45,자동차 및 부품 판매업,0명,2022,4000000
202208,여성,70대,2021,강원도 강릉시,56,음식점 및 주점업,0명,2022,2000000
202208,남성,50대,2009,강원도 강릉시,42,전문직별 공사업,0명,2019,418000000
202208,남성,50대,2007,강원도 강릉시,46,도매 및 상품 중개업,1명 이상 5명 미만,2021,1096000000
202208,여성,50대,2007,강원도 강릉시,46,도매 및 상품 중개업,1명 이상 5명 미만,2020,1096000000
202208,남성,40대,2018,강원도 강릉시,56,음식점 및 주점업,0명,2019,2000000
202208,여성,70대,2007,강원도 강릉시,56,음식점 및 주점업,0명,2021,2000000
202208,여성,40대,2013,강원도 강릉시,47,소매업; 자동차 제외,0명,2017,347000000
202208,남성,50대,2011,강원도 강릉시,47,소매업; 자동차 제외,1명 이상 5명 미만,2019,1096000000
202208,남성,30대,2015,강원도 강릉시,56,음식점 및 주점업,5명 이상 10명 미만,2020,1096000000
202208,남성,40대,2012,강원도 강릉시,46,도매 및 상품 중개업,1명 이상 5명 미만,2020,1096000000
202208,남성,40대,2011,강원도 강릉시,47,소매업; 자동차 제외,0명,2018,324000000
202208,남성,60대,2003,강원도 강릉시,47,소매업; 자동차 제외,1명 이상 5명 미만,2021,1096000000
202208,여성,60대,2010,강원도 강릉시,45,자동차 및 부품 판매업,0명,2019,2000000
202208,남성,40대,2016,강원도 강릉시,96,기타 개인 서비스업,0명,2019,3000000
202208,남성,40대,2008,강원도 강릉시,94,협회 및 단체,0명,2016,2000000
202208,여성,60대,2020,강원도 강릉시,96,기타 개인 서비스업,0명,2021,2000000
202208,남성,50대,2007,강원도 강릉시,49,육상 운송 및 파이프라인 운송업,0명,2022,2000000
202208,남성,60대,2015,강원도 강릉시,56,음식점 및 주점업,0명,2020,2000000
202208,여성,60대,2016,강원도 강릉시,56,음식점 및 주점업,0명,2022,2000000
202208,여성,60대,2015,강원도 강릉시,56,음식점 및 주점업,0명,2021,2000000
202208,여성,50대,2009,강원도 강릉시,96,기타 개인 서비스업,0명,2021,2000000
202208,남성,30대,2017,강원도 강릉시,96,기타 개인 서비스업,0명,2020,2000000
202208,여성,50대,2019,강원도 강릉시,56,음식점 및 주점업,0명,2022,2000000
202208,남성,50대,2019,강원도 강릉시,45,자동차 및 부품 판매업,0명,2022,2000000
202208,남성,50대,2017,강원도 강릉시,96,기타 개인 서비스업,0명,2022,4000000
202208,남성,50대,2012,강원도 강릉시,56,음식점 및 주점업,0명,2018,2000000
202208,남성,40대,2012,강원도 강릉시,46,도매 및 상품 중개업,5명 이상 10명 미만,2019,813000000
202208,남성,50대,2013,강원도 강릉시,46,도매 및 상품 중개업,1명 이상 5명 미만,2021,944000000
202208,남성,50대,2004,강원도 강릉시,46,도매 및 상품 중개업,1명 이상 5명 미만,2020,553000000
202208,남성,50대,2014,강원도 강릉시,45,자동차 및 부품 판매업,1명 이상 5명 미만,2021,650000000
202208,남성,40대,2010,강원도 강릉시,73,기타 전문  과학 및 기술 서비스업,0명,2020,286000000
202208,남성,30대,2015,강원도 강릉시,45,자동차 및 부품 판매업,0명,2016,2000000
202208,남성,40대,2017,강원도 강릉시,45,자동차 및 부품 판매업,0명,2022,2000000
202208,남성,50대,2021,강원도 강릉시,56,음식점 및 주점업,0명,2022,3000000
202208,여성,50대,2013,강원도 강릉시,56,음식점 및 주점업,0명,2020,2000000
202208,남성,50대,2020,강원도 강릉시,56,음식점 및 주점업,0명,2021,2000000
202208,남성,40대,2019,강원도 강릉시,45,자동차 및 부품 판매업,0명,2022,2000000
202208,여성,30대,2019,강원도 강릉시,96,기타 개인 서비스업,0명,2020,7000000
202208,여성,60대,2015,강원도 강릉시,56,음식점 및 주점업,0명,2019,2000000
202208,여성,60대,2019,강원도 강릉시,45,자동차 및 부품 판매업,0명,2020,2000000
202208,여성,50대,2021,강원도 강릉시,45,자동차 및 부품 판매업,0명,2022,2000000
202208,남성,60대,1994,강원도 강릉시,46,도매 및 상품 중개업,1명 이상 5명 미만,2021,1096000000
202208,남성,50대,1997,강원도 강릉시,47,소매업; 자동차 제외,0명,2017,326000000
202208,남성,40대,2015,강원도 강릉시,47,소매업; 자동차 제외,0명,2018,1024000000
202208,남성,40대,2015,강원도 강릉시,10,식료품 제조업,0명,2021,582000000
202208,남성,40대,2004,강원도 강릉시,46,도매 및 상품 중개업,1명 이상 5명 미만,2021,279000000
202208,남성,50대,2002,강원도 강릉시,49,육상 운송 및 파이프라인 운송업,0명,2018,529000000
202208,여성,60대,2004,강원도 강릉시,10,식료품 제조업,0명,2021,1096000000
202208,남성,30대,2010,강원도 강릉시,47,소매업; 자동차 제외,1명 이상 5명 미만,2019,1096000000
202208,남성,40대,2016,강원도 강릉시,56,음식점 및 주점업,0명,2018,3000000
202208,여성,60대,2008,강원도 강릉시,56,음식점 및 주점업,0명,2020,2000000
202208,여성,40대,2018,강원도 강릉시,56,음식점 및 주점업,0명,2021,4000000
202208,여성,30대,2015,강원도 강릉시,45,자동차 및 부품 판매업,1명 이상 5명 미만,2022,7000000
202208,남성,60대,2019,강원도 강릉시,45,자동차 및 부품 판매업,0명,2020,2000000
202208,남성,50대,2016,강원도 강릉시,49,육상 운송 및 파이프라인 운송업,0명,2021,3000000
202208,남성,40대,2016,강원도 강릉시,96,기타 개인 서비스업,0명,2017,2000000
202208,여성,50대,2020,강원도 강릉시,56,음식점 및 주점업,0명,2021,2000000
202208,여성,50대,2008,강원도 강릉시,56,음식점 및 주점업,0명,2021,4000000
202208,남성,30대,2006,강원도 강릉시,56,음식점 및 주점업,0명,2017,2000000
202208,여성,40대,2019,강원도 강릉시,56,음식점 및 주점업,0명,2021,2000000
202208,여성,50대,2008,강원도 강릉시,56,음식점 및 주점업,0명,2020,1000000
202208,여성,50대,2016,강원도 강릉시,45,자동차 및 부품 판매업,0명,2017,3000000
202208,남성,60대,2017,강원도 강릉시,45,자동차 및 부품 판매업,0명,2022,5000000
202208,남성,30대,2015,강원도 강릉시,45,자동차 및 부품 판매업,0명,2016,3000000
202208,남성,50대,2020,강원도 강릉시,94,협회 및 단체,0명,2021,3000000
202208,여성,60대,1999,강원도 강릉시,45,자동차 및 부품 판매업,0명,2021,2000000
202208,남성,50대,2017,강원도 강릉시,56,음식점 및 주점업,0명,2018,2000000
202208,여성,40대,2015,강원도 강릉시,45,자동차 및 부품 판매업,0명,2021,5000000
202208,여성,70대,2016,강원도 강릉시,56,음식점 및 주점업,0명,2020,2000000
202208,남성,60대,2020,강원도 강릉시,45,자동차 및 부품 판매업,0명,2021,2000000
202208,남성,30대,2013,강원도 강릉시,45,자동차 및 부품 판매업,0명,2014,2000000
202208,남성,30대,2019,강원도 강릉시,45,자동차 및 부품 판매업,0명,2022,2000000
202208,남성,30대,2021,강원도 강릉시,56,음식점 및 주점업,0명,2022,3000000
202208,여성,40대,2018,강원도 강릉시,56,음식점 및 주점업,0명,2021,2000000
202208,여성,50대,2010,강원도 강릉시,56,음식점 및 주점업,0명,2022,2000000
202208,여성,50대,2010,강원도 강릉시,96,기타 개인 서비스업,0명,2021,5000000
202208,여성,60대,2018,강원도 강릉시,56,음식점 및 주점업,0명,2021,2000000
202208,여성,60대,2017,강원도 강릉시,56,음식점 및 주점업,0명,2018,1000000
202208,남성,60대,2011,강원도 강릉시,96,기타 개인 서비스업,0명,2021,5000000
202208,여성,40대,2018,강원도 강릉시,45,자동차 및 부품 판매업,0명,2020,3000000
202208,남성,50대,2019,강원도 강릉시,56,음식점 및 주점업,0명,2020,3000000
202208,여성,50대,2017,강원도 강릉시,96,기타 개인 서비스업,0명,2021,2000000
202208,여성,60대,2017,강원도 강릉시,56,음식점 및 주점업,0명,2020,3000000
202208,남성,40대,2009,강원도 강릉시,46,도매 및 상품 중개업,1명 이상 5명 미만,2020,487000000
202208,여성,40대,2011,강원도 강릉시,47,소매업; 자동차 제외,0명,2018,507000000
202208,남성,60대,2011,강원도 강릉시,56,음식점 및 주점업,1명 이상 5명 미만,2018,662000000
202208,남성,50대,2011,강원도 강릉시,95,개인 및 소비용품 수리업,5명 이상 10명 미만,2020,501000000
202208,남성,50대,2014,강원도 강릉시,41,종합 건설업,0명,2022,2000000
202208,남성,30대,2015,강원도 강릉시,45,자동차 및 부품 판매업,0명,2021,3000000
202208,여성,60대,2010,강원도 강릉시,56,음식점 및 주점업,0명,2021,2000000
202208,여성,40대,2016,강원도 강릉시,45,자동차 및 부품 판매업,0명,2020,3000000
202208,남성,40대,2018,강원도 강릉시,45,자동차 및 부품 판매업,1명 이상 5명 미만,2021,3000000
202208,여성,50대,2019,강원도 강릉시,56,음식점 및 주점업,0명,2020,2000000
202208,여성,50대,2016,강원도 강릉시,45,자동차 및 부품 판매업,0명,2020,2000000
202208,남성,50대,1999,강원도 강릉시,95,개인 및 소비용품 수리업,1명 이상 5명 미만,2020,773000000
202208,남성,40대,2007,강원도 강릉시,46,도매 및 상품 중개업,1명 이상 5명 미만,2018,1096000000
202208,남성,60대,2004,강원도 강릉시,46,도매 및 상품 중개업,1명 이상 5명 미만,2018,533000000
202208,여성,60대,2013,강원도 강릉시,45,자동차 및 부품 판매업,0명,2019,3000000
202208,남성,60대,2019,강원도 강릉시,49,육상 운송 및 파이프라인 운송업,0명,2020,2000000
202208,여성,40대,2019,강원도 강릉시,56,음식점 및 주점업,0명,2020,3000000
202208,남성,50대,2005,강원도 강릉시,49,육상 운송 및 파이프라인 운송업,0명,2021,3000000
202208,남성,50대,2016,강원도 강릉시,56,음식점 및 주점업,0명,2020,2000000
202208,남성,60대,2016,강원도 강릉시,49,육상 운송 및 파이프라인 운송업,0명,2021,3000000
202208,여성,30대,2021,강원도 강릉시,96,기타 개인 서비스업,0명,2022,3000000
202208,남성,60대,2000,강원도 강릉시,49,육상 운송 및 파이프라인 운송업,0명,2021,4000000
202208,여성,40대,2019,강원도 강릉시,56,음식점 및 주점업,0명,2020,2000000
202208,여성,50대,2005,강원도 강릉시,96,기타 개인 서비스업,0명,2010,1000000
202208,남성,50대,2003,강원도 강릉시,42,전문직별 공사업,1명 이상 5명 미만,2021,1096000000
202208,남성,40대,2004,강원도 강릉시,46,도매 및 상품 중개업,1명 이상 5명 미만,2021,1096000000
202208,여성,50대,2005,강원도 강릉시,10,식료품 제조업,0명,2021,1096000000
202208,남성,50대,2017,강원도 강릉시,86,보건업,5명 이상 10명 미만,2020,1096000000
202208,남성,50대,2002,강원도 강릉시,46,도매 및 상품 중개업,0명,2019,1096000000
202208,여성,60대,2008,강원도 강릉시,46,도매 및 상품 중개업,1명 이상 5명 미만,2021,322000000
202208,남성,40대,2018,강원도 강릉시,96,기타 개인 서비스업,0명,2019,5000000
202208,여성,40대,2015,강원도 강릉시,56,음식점 및 주점업,0명,2022,4000000
202208,여성,40대,1981,강원도 강릉시,46,도매 및 상품 중개업,1명 이상 5명 미만,2021,996000000
202208,남성,50대,1999,강원도 강릉시,45,자동차 및 부품 판매업,1명 이상 5명 미만,2018,716000000
202208,여성,50대,2014,강원도 강릉시,45,자동차 및 부품 판매업,0명,2021,5000000
202208,남성,50대,2018,강원도 강릉시,47,소매업; 자동차 제외,1명 이상 5명 미만,2019,1096000000
202208,여성,40대,2010,강원도 강릉시,96,기타 개인 서비스업,0명,2013,2000000
202208,남성,50대,2020,강원도 강릉시,49,육상 운송 및 파이프라인 운송업,0명,2022,3000000
202208,남성,40대,2007,강원도 강릉시,49,육상 운송 및 파이프라인 운송업,0명,2013,4000000
202208,남성,30대,2014,강원도 강릉시,56,음식점 및 주점업,0명,2018,2000000
202208,남성,30대,2018,강원도 강릉시,56,음식점 및 주점업,0명,2021,3000000
202208,여성,60대,2012,강원도 강릉시,45,자동차 및 부품 판매업,1명 이상 5명 미만,2022,5000000
202208,남성,40대,2015,강원도 강릉시,56,음식점 및 주점업,0명,2021,2000000
202208,남성,40대,2010,강원도 강릉시,94,협회 및 단체,0명,2012,2000000
202208,여성,60대,2019,강원도 강릉시,56,음식점 및 주점업,0명,2022,2000000
202208,여성,60대,2000,강원도 강릉시,45,자동차 및 부품 판매업,0명,2018,2000000
202208,여성,60대,2010,강원도 강릉시,56,음식점 및 주점업,0명,2021,3000000
202208,남성,50대,2000,강원도 강릉시,46,도매 및 상품 중개업,1명 이상 5명 미만,2020,770000000
202208,남성,30대,2016,강원도 강릉시,96,기타 개인 서비스업,0명,2020,2000000
202208,남성,40대,2018,강원도 강릉시,56,음식점 및 주점업,0명,2019,2000000
202208,여성,60대,2010,강원도 강릉시,56,음식점 및 주점업,0명,2019,4000000
202208,여성,30대,2019,강원도 강릉시,45,자동차 및 부품 판매업,0명,2021,2000000
202208,남성,40대,2014,강원도 강릉시,49,육상 운송 및 파이프라인 운송업,0명,2022,7000000
202208,남성,50대,2013,강원도 강릉시,49,육상 운송 및 파이프라인 운송업,0명,2022,7000000
202208,여성,50대,2019,강원도 강릉시,10,식료품 제조업,0명,2022,5000000
202208,남성,50대,1999,강원도 강릉시,47,소매업; 자동차 제외,0명,2018,1096000000
202208,여성,50대,2012,강원도 강릉시,47,소매업; 자동차 제외,5명 이상 10명 미만,2020,985000000
202208,여성,40대,2014,강원도 강릉시,47,소매업; 자동차 제외,0명,2017,719000000
202208,남성,50대,2002,강원도 강릉시,47,소매업; 자동차 제외,0명,2016,170000000
202208,여성,60대,2018,강원도 강릉시,45,자동차 및 부품 판매업,0명,2021,2000000
202208,여성,60대,2006,강원도 강릉시,96,기타 개인 서비스업,0명,2020,1000000
202208,여성,40대,2011,강원도 강릉시,45,자동차 및 부품 판매업,0명,2018,1000000
202208,남성,40대,2016,강원도 강릉시,46,도매 및 상품 중개업,1명 이상 5명 미만,2020,1096000000
202208,여성,30대,2013,강원도 강릉시,46,도매 및 상품 중개업,1명 이상 5명 미만,2018,1096000000
202208,남성,40대,2009,강원도 강릉시,45,자동차 및 부품 판매업,0명,2020,1086000000
202208,남성,40대,2016,강원도 강릉시,46,도매 및 상품 중개업,1명 이상 5명 미만,2020,1096000000
202208,남성,50대,2016,강원도 강릉시,46,도매 및 상품 중개업,0명,2021,867000000
202208,여성,50대,2005,강원도 강릉시,47,소매업; 자동차 제외,0명,2020,848000000
202208,여성,70대,2017,강원도 강릉시,56,음식점 및 주점업,0명,2021,2000000
202208,여성,40대,2009,강원도 강릉시,47,소매업; 자동차 제외,0명,2018,315000000
202208,남성,50대,2018,강원도 강릉시,45,자동차 및 부품 판매업,0명,2021,2000000
202208,남성,30대,2017,강원도 강릉시,45,자동차 및 부품 판매업,0명,2021,2000000
202208,남성,50대,2013,강원도 강릉시,10,식료품 제조업,0명,2020,2000000
202208,여성,40대,2014,강원도 강릉시,56,음식점 및 주점업,0명,2015,3000000
202208,남성,50대,2010,강원도 강릉시,86,보건업,10명 이상 30명 미만,2020,1096000000
202208,여성,60대,1985,강원도 강릉시,46,도매 및 상품 중개업,1명 이상 5명 미만,2020,1080000000
202208,남성,60대,2010,강원도 강릉시,96,기타 개인 서비스업,0명,2019,2000000
202208,남성,60대,1989,강원도 강릉시,46,도매 및 상품 중개업,0명,2019,426000000
202208,남성,50대,2005,강원도 강릉시,47,소매업; 자동차 제외,1명 이상 5명 미만,2017,1096000000
202208,남성,60대,2017,강원도 강릉시,10,식료품 제조업,1명 이상 5명 미만,2019,558000000
202208,남성,50대,2003,강원도 강릉시,47,소매업; 자동차 제외,1명 이상 5명 미만,2020,1096000000
202208,여성,40대,2018,강원도 강릉시,47,소매업; 자동차 제외,1명 이상 5명 미만,2020,42000000
202208,여성,30대,2017,강원도 강릉시,46,도매 및 상품 중개업,1명 이상 5명 미만,2020,1096000000
202208,남성,40대,2020,강원도 강릉시,45,자동차 및 부품 판매업,0명,2022,4000000
202208,여성,50대,2012,강원도 강릉시,45,자동차 및 부품 판매업,0명,2016,2000000
202208,여성,60대,2013,강원도 강릉시,45,자동차 및 부품 판매업,0명,2021,3000000
202208,여성,50대,2010,강원도 강릉시,56,음식점 및 주점업,0명,2018,2000000
202208,여성,70대,1983,강원도 강릉시,45,자동차 및 부품 판매업,0명,2020,3000000
202208,남성,50대,2014,강원도 강릉시,56,음식점 및 주점업,0명,2016,2000000
202208,여성,50대,2016,강원도 강릉시,56,음식점 및 주점업,0명,2017,3000000
202208,남성,40대,2012,강원도 강릉시,47,소매업; 자동차 제외,0명,2016,705000000
202208,남성,40대,2007,강원도 강릉시,46,도매 및 상품 중개업,1명 이상 5명 미만,2018,1096000000
202208,남성,40대,1998,강원도 강릉시,47,소매업; 자동차 제외,0명,2018,641000000
202208,남성,50대,1998,강원도 강릉시,47,소매업; 자동차 제외,0명,2018,1096000000
202208,남성,50대,2012,강원도 강릉시,47,소매업; 자동차 제외,1명 이상 5명 미만,2021,1096000000
202208,남성,60대,1998,강원도 강릉시,45,자동차 및 부품 판매업,0명,2017,160000000
202208,남성,60대,1997,강원도 강릉시,56,음식점 및 주점업,0명,2017,754000000
202208,남성,60대,1997,강원도 강릉시,46,도매 및 상품 중개업,1명 이상 5명 미만,2021,279000000
202208,남성,60대,2004,강원도 강릉시,45,자동차 및 부품 판매업,0명,2015,794000000
202208,남성,50대,2017,강원도 강릉시,86,보건업,10명 이상 30명 미만,2020,1096000000
202208,남성,50대,1989,강원도 강릉시,47,소매업; 자동차 제외,1명 이상 5명 미만,2020,1096000000
202208,남성,60대,2001,강원도 강릉시,46,도매 및 상품 중개업,1명 이상 5명 미만,2021,1096000000
202208,남성,50대,2000,강원도 강릉시,10,식료품 제조업,1명 이상 5명 미만,2020,634000000
202208,남성,50대,2012,강원도 강릉시,10,식료품 제조업,0명,2019,1033000000
202208,남성,60대,2013,강원도 강릉시,46,도매 및 상품 중개업,0명,2017,723000000
202208,남성,40대,2013,강원도 강릉시,46,도매 및 상품 중개업,1명 이상 5명 미만,2020,302000000
202208,여성,50대,2014,강원도 강릉시,47,소매업; 자동차 제외,0명,2016,705000000
202208,남성,50대,2014,강원도 강릉시,47,소매업; 자동차 제외,0명,2017,734000000
202208,여성,50대,2014,강원도 강릉시,56,음식점 및 주점업,0명,2019,1096000000
202208,여성,40대,2014,강원도 강릉시,47,소매업; 자동차 제외,1명 이상 5명 미만,2017,719000000
202208,남성,60대,2014,강원도 강릉시,10,식료품 제조업,10명 이상 30명 미만,2021,1096000000
202208,여성,60대,1982,강원도 강릉시,47,소매업; 자동차 제외,0명,2017,667000000
202208,남성,50대,2014,강원도 강릉시,46,도매 및 상품 중개업,1명 이상 5명 미만,2019,1010000000
202208,남성,50대,2016,강원도 강릉시,45,자동차 및 부품 판매업,0명,2017,3000000
202208,남성,40대,2003,강원도 강릉시,45,자동차 및 부품 판매업,0명,2017,3000000
202208,남성,40대,2012,강원도 강릉시,46,도매 및 상품 중개업,0명,2018,546000000
202208,남성,50대,2012,강원도 강릉시,46,도매 및 상품 중개업,1명 이상 5명 미만,2018,636000000
202208,남성,50대,2003,강원도 강릉시,47,소매업; 자동차 제외,1명 이상 5명 미만,2020,1096000000
202208,남성,40대,2018,강원도 강릉시,45,자동차 및 부품 판매업,0명,2021,2000000
202208,여성,40대,2021,강원도 강릉시,96,기타 개인 서비스업,0명,2022,3000000
202208,여성,50대,2019,강원도 강릉시,45,자동차 및 부품 판매업,0명,2020,1000000
202208,남성,50대,2015,강원도 강릉시,45,자동차 및 부품 판매업,0명,2016,2000000
202208,남성,40대,2011,강원도 강릉시,47,소매업; 자동차 제외,1명 이상 5명 미만,2020,456000000
202208,여성,60대,2010,강원도 강릉시,56,음식점 및 주점업,1명 이상 5명 미만,2021,582000000
202208,남성,50대,2007,강원도 강릉시,46,도매 및 상품 중개업,1명 이상 5명 미만,2018,684000000
202208,여성,50대,2006,강원도 강릉시,10,식료품 제조업,0명,2020,1096000000
202208,여성,60대,2004,강원도 강릉시,10,식료품 제조업,1명 이상 5명 미만,2021,1096000000
202208,남성,50대,1994,강원도 강릉시,47,소매업; 자동차 제외,1명 이상 5명 미만,2018,262000000
202208,남성,60대,1991,강원도 강릉시,46,도매 및 상품 중개업,1명 이상 5명 미만,2021,1096000000
202208,남성,50대,2004,강원도 강릉시,46,도매 및 상품 중개업,1명 이상 5명 미만,2017,625000000
202208,남성,40대,2014,강원도 강릉시,56,음식점 및 주점업,1명 이상 5명 미만,2017,583000000
202208,남성,70대,1996,강원도 강릉시,46,도매 및 상품 중개업,5명 이상 10명 미만,2014,587000000
202208,여성,60대,1989,강원도 강릉시,47,소매업; 자동차 제외,0명,2018,110000000
202208,남성,50대,2002,강원도 강릉시,10,식료품 제조업,0명,2016,63000000
202208,남성,40대,2015,강원도 강릉시,46,도매 및 상품 중개업,1명 이상 5명 미만,2020,441000000
202208,여성,60대,2002,강원도 강릉시,96,기타 개인 서비스업,10명 이상 30명 미만,2021,431000000
202208,남성,50대,2004,강원도 강릉시,47,소매업; 자동차 제외,0명,2013,185000000
202208,남성,50대,2009,강원도 강릉시,46,도매 및 상품 중개업,0명,2018,1096000000
202208,남성,50대,2001,강원도 강릉시,95,개인 및 소비용품 수리업,1명 이상 5명 미만,2021,258000000
202208,남성,50대,2000,강원도 강릉시,10,식료품 제조업,1명 이상 5명 미만,2020,326000000
202208,남성,50대,2000,강원도 강릉시,46,도매 및 상품 중개업,1명 이상 5명 미만,2019,984000000
202208,남성,50대,1992,강원도 강릉시,46,도매 및 상품 중개업,5명 이상 10명 미만,2020,173000000
202208,남성,60대,1995,강원도 강릉시,56,음식점 및 주점업,0명,2018,217000000
202208,남성,60대,1998,강원도 강릉시,45,자동차 및 부품 판매업,0명,2022,5000000
202208,남성,30세 미만,2021,강원도 강릉시,56,음식점 및 주점업,0명,2022,2000000
202208,남성,40대,2018,강원도 강릉시,86,보건업,0명,2019,299000000
202208,남성,30대,2021,강원도 강릉시,56,음식점 및 주점업,0명,2022,3000000
202208,남성,40대,2017,강원도 강릉시,10,식료품 제조업,0명,2021,1096000000
202208,남성,40대,2005,강원도 강릉시,46,도매 및 상품 중개업,0명,2020,179000000
202208,여성,60대,2014,강원도 강릉시,10,식료품 제조업,0명,2020,368000000
202208,남성,60대,2004,강원도 강릉시,46,도매 및 상품 중개업,1명 이상 5명 미만,2021,1096000000
202208,남성,60대,2000,강원도 강릉시,47,소매업; 자동차 제외,5명 이상 10명 미만,2020,1096000000
202208,남성,50대,1996,강원도 강릉시,42,전문직별 공사업,1명 이상 5명 미만,2020,503000000
202208,남성,40대,2007,강원도 강릉시,46,도매 및 상품 중개업,1명 이상 5명 미만,2019,640000000
202208,남성,40대,2002,강원도 강릉시,95,개인 및 소비용품 수리업,1명 이상 5명 미만,2021,1042000000
202208,남성,40대,2016,강원도 강릉시,47,소매업; 자동차 제외,1명 이상 5명 미만,2019,530000000
202208,남성,50대,2002,강원도 강릉시,86,보건업,100명 이상,2021,1096000000
202208,남성,40대,2008,강원도 강릉시,42,전문직별 공사업,0명,2017,292000000
202208,남성,50대,2001,강원도 강릉시,46,도매 및 상품 중개업,1명 이상 5명 미만,2019,827000000
202208,남성,50대,2014,강원도 강릉시,46,도매 및 상품 중개업,1명 이상 5명 미만,2020,771000000
202208,남성,40대,2008,강원도 강릉시,49,육상 운송 및 파이프라인 운송업,0명,2020,756000000
202208,남성,40대,2010,강원도 강릉시,47,소매업; 자동차 제외,0명,2020,252000000
202208,남성,50대,2009,강원도 강릉시,10,식료품 제조업,5명 이상 10명 미만,2020,488000000
202208,남성,70대,1998,강원도 강릉시,47,소매업; 자동차 제외,5명 이상 10명 미만,2020,181000000
202208,남성,50대,2019,강원도 강릉시,56,음식점 및 주점업,0명,2020,279000000
202208,남성,50대,2006,강원도 강릉시,46,도매 및 상품 중개업,0명,2018,885000000
202208,남성,50대,2008,강원도 강릉시,95,개인 및 소비용품 수리업,5명 이상 10명 미만,2018,592000000
202208,남성,40대,2013,강원도 강릉시,46,도매 및 상품 중개업,0명,2020,480000000
202208,남성,50대,2005,강원도 강릉시,47,소매업; 자동차 제외,1명 이상 5명 미만,2017,1096000000
202208,남성,50대,2012,강원도 강릉시,47,소매업; 자동차 제외,0명,2016,787000000
202208,남성,50대,1997,강원도 강릉시,86,보건업,5명 이상 10명 미만,2019,207000000
202208,여성,40대,2017,강원도 강릉시,96,기타 개인 서비스업,0명,2020,2000000
202208,여성,50대,1970,강원도 강릉시,96,기타 개인 서비스업,0명,2021,2000000
202208,남성,50대,2018,강원도 강릉시,46,도매 및 상품 중개업,0명,2020,726000000
202208,남성,50대,2017,강원도 강릉시,46,도매 및 상품 중개업,1명 이상 5명 미만,2021,1096000000
202208,남성,60대,2015,강원도 강릉시,56,음식점 및 주점업,0명,2016,2000000
202208,남성,60대,2003,강원도 강릉시,56,음식점 및 주점업,1명 이상 5명 미만,2017,741000000
202208,남성,40대,2021,강원도 강릉시,96,기타 개인 서비스업,0명,2022,4000000
202208,남성,40대,2017,강원도 강릉시,47,소매업; 자동차 제외,1명 이상 5명 미만,2020,1096000000
202208,남성,40대,2020,강원도 강릉시,42,전문직별 공사업,1명 이상 5명 미만,2021,481000000
202208,여성,40대,2020,강원도 강릉시,45,자동차 및 부품 판매업,0명,2021,2000000
202208,남성,50대,2017,강원도 강릉시,86,보건업,5명 이상 10명 미만,2020,860000000
202208,여성,60대,2008,강원도 강릉시,47,소매업; 자동차 제외,1명 이상 5명 미만,2020,509000000
202208,남성,40대,2005,강원도 강릉시,46,도매 및 상품 중개업,0명,2017,639000000
202208,남성,50대,1998,강원도 강릉시,45,자동차 및 부품 판매업,0명,2018,267000000
202208,남성,40대,2014,강원도 강릉시,42,전문직별 공사업,1명 이상 5명 미만,2019,342000000
202208,여성,50대,2002,강원도 강릉시,46,도매 및 상품 중개업,1명 이상 5명 미만,2021,1096000000
202208,남성,50대,2012,강원도 강릉시,46,도매 및 상품 중개업,1명 이상 5명 미만,2018,225000000
202208,남성,50대,1998,강원도 강릉시,46,도매 및 상품 중개업,1명 이상 5명 미만,2016,553000000
202208,남성,40대,2016,강원도 강릉시,46,도매 및 상품 중개업,0명,2019,583000000
202208,여성,60대,2017,강원도 강릉시,45,자동차 및 부품 판매업,0명,2021,2000000
202208,남성,60대,2012,강원도 강릉시,46,도매 및 상품 중개업,5명 이상 10명 미만,2020,1096000000
202208,남성,50대,2014,강원도 강릉시,49,육상 운송 및 파이프라인 운송업,0명,2022,2000000
202208,남성,50대,2017,강원도 강릉시,45,자동차 및 부품 판매업,0명,2021,2000000
202208,남성,30대,2019,강원도 강릉시,96,기타 개인 서비스업,0명,2021,3000000
202208,여성,60대,2018,강원도 강릉시,56,음식점 및 주점업,0명,2020,2000000
202208,남성,50대,2008,강원도 강릉시,46,도매 및 상품 중개업,5명 이상 10명 미만,2020,1096000000
202208,여성,50대,2017,강원도 강릉시,47,소매업; 자동차 제외,0명,2019,824000000
202208,여성,30대,2020,강원도 강릉시,45,자동차 및 부품 판매업,0명,2021,4000000
202208,여성,60대,2013,강원도 강릉시,56,음식점 및 주점업,0명,2019,3000000
202208,여성,50대,2012,강원도 강릉시,96,기타 개인 서비스업,0명,2013,2000000
202208,여성,50대,2014,강원도 강릉시,56,음식점 및 주점업,0명,2020,2000000
202208,여성,40대,2014,강원도 강릉시,56,음식점 및 주점업,0명,2021,3000000
202208,여성,60대,2015,강원도 강릉시,45,자동차 및 부품 판매업,0명,2021,2000000
202208,남성,60대,2012,강원도 강릉시,49,육상 운송 및 파이프라인 운송업,0명,2022,3000000
202208,여성,40대,2010,강원도 강릉시,45,자동차 및 부품 판매업,0명,2014,2000000
202208,여성,60대,2012,강원도 강릉시,46,도매 및 상품 중개업,0명,2020,1096000000
202208,여성,60대,2010,강원도 강릉시,45,자동차 및 부품 판매업,0명,2022,2000000
202208,여성,70대,2010,강원도 강릉시,56,음식점 및 주점업,0명,2014,1000000
202208,남성,50대,2002,강원도 강릉시,46,도매 및 상품 중개업,1명 이상 5명 미만,2020,1096000000
202208,남성,40대,2016,강원도 강릉시,46,도매 및 상품 중개업,1명 이상 5명 미만,2018,670000000
202208,남성,50대,2000,강원도 강릉시,46,도매 및 상품 중개업,1명 이상 5명 미만,2018,1062000000
202208,남성,60대,1992,강원도 강릉시,46,도매 및 상품 중개업,1명 이상 5명 미만,2021,455000000
202208,여성,50대,2016,강원도 강릉시,56,음식점 및 주점업,10명 이상 30명 미만,2019,1096000000
202208,남성,30대,2010,강원도 강릉시,56,음식점 및 주점업,5명 이상 10명 미만,2018,1096000000
202208,여성,40대,2008,강원도 강릉시,46,도매 및 상품 중개업,0명,2018,227000000
202208,남성,50대,2000,강원도 강릉시,10,식료품 제조업,5명 이상 10명 미만,2020,326000000
202208,남성,60대,2001,강원도 강릉시,47,소매업; 자동차 제외,1명 이상 5명 미만,2019,825000000
202208,남성,40대,2019,강원도 강릉시,56,음식점 및 주점업,0명,2020,2000000
202208,여성,60대,1996,강원도 강릉시,96,기타 개인 서비스업,0명,2021,2000000
202208,남성,40대,2008,강원도 강릉시,45,자동차 및 부품 판매업,0명,2020,4000000
202208,남성,60대,1999,강원도 강릉시,47,소매업; 자동차 제외,0명,2018,178000000
202208,남성,50대,2021,강원도 강릉시,45,자동차 및 부품 판매업,0명,2022,5000000
202208,남성,50대,2019,강원도 강릉시,49,육상 운송 및 파이프라인 운송업,0명,2022,3000000
202208,여성,60대,2001,강원도 강릉시,10,식료품 제조업,10명 이상 30명 미만,2021,1096000000
202208,남성,50대,2017,강원도 강릉시,56,음식점 및 주점업,0명,2018,4000000
202208,남성,50대,2018,강원도 강릉시,42,전문직별 공사업,0명,2020,2000000
202208,남성,50대,2010,강원도 강릉시,46,도매 및 상품 중개업,1명 이상 5명 미만,2020,561000000
202208,남성,40대,2021,강원도 강릉시,45,자동차 및 부품 판매업,0명,2022,3000000
202208,남성,30대,2019,강원도 강릉시,49,육상 운송 및 파이프라인 운송업,0명,2020,2000000
202208,여성,50대,2013,강원도 강릉시,56,음식점 및 주점업,0명,2019,1000000
202208,남성,40대,2019,강원도 강릉시,49,육상 운송 및 파이프라인 운송업,0명,2022,4000000
202208,남성,50대,2018,강원도 강릉시,49,육상 운송 및 파이프라인 운송업,0명,2020,2000000
202208,여성,50대,2018,강원도 강릉시,56,음식점 및 주점업,0명,2020,4000000
202208,여성,60대,2018,강원도 강릉시,56,음식점 및 주점업,0명,2020,2000000
202208,남성,40대,2018,강원도 강릉시,56,음식점 및 주점업,0명,2021,6000000
202208,여성,50대,2018,강원도 강릉시,45,자동차 및 부품 판매업,0명,2022,4000000
202208,남성,50대,2015,강원도 강릉시,47,소매업; 자동차 제외,0명,2020,1096000000
202208,남성,60대,2020,강원도 강릉시,56,음식점 및 주점업,0명,2022,2000000
202208,남성,50대,2014,강원도 강릉시,10,식료품 제조업,0명,2016,2000000
202208,남성,50대,2011,강원도 강릉시,45,자동차 및 부품 판매업,0명,2015,2000000
202208,남성,40대,2019,강원도 강릉시,45,자동차 및 부품 판매업,0명,2021,5000000
202208,남성,60대,2000,강원도 강릉시,49,육상 운송 및 파이프라인 운송업,0명,2013,3000000
202208,여성,40대,2013,강원도 강릉시,85,교육 서비스업,1명 이상 5명 미만,2018,115000000
202208,남성,40대,2013,강원도 강릉시,10,식료품 제조업,10명 이상 30명 미만,2021,1096000000
202208,남성,50대,1994,강원도 강릉시,47,소매업; 자동차 제외,0명,2018,262000000
202208,남성,70대,2002,강원도 강릉시,46,도매 및 상품 중개업,0명,2018,1096000000
202208,여성,40대,2018,강원도 강릉시,96,기타 개인 서비스업,0명,2020,2000000
202208,여성,60대,2020,강원도 강릉시,45,자동차 및 부품 판매업,0명,2021,3000000
202208,남성,50대,2019,강원도 강릉시,49,육상 운송 및 파이프라인 운송업,0명,2021,3000000
202208,남성,40대,2015,강원도 강릉시,45,자동차 및 부품 판매업,0명,2022,2000000
202208,남성,40대,2015,강원도 강릉시,56,음식점 및 주점업,0명,2019,2000000
202208,남성,50대,2008,강원도 강릉시,45,자동차 및 부품 판매업,0명,2022,2000000
202208,남성,50대,2011,강원도 강릉시,96,기타 개인 서비스업,0명,2021,11000000
202208,여성,40대,2016,강원도 강릉시,96,기타 개인 서비스업,0명,2022,2000000
202208,여성,40대,2021,강원도 강릉시,45,자동차 및 부품 판매업,0명,2022,5000000
202208,남성,50대,2021,강원도 강릉시,41,종합 건설업,0명,2022,2000000
202208,남성,40대,2016,강원도 강릉시,86,보건업,1명 이상 5명 미만,2019,330000000
202208,여성,40대,2016,강원도 강릉시,47,소매업; 자동차 제외,1명 이상 5명 미만,2021,1096000000
202208,여성,60대,2002,강원도 강릉시,47,소매업; 자동차 제외,5명 이상 10명 미만,2020,1096000000
202208,여성,60대,2017,강원도 강릉시,56,음식점 및 주점업,0명,2020,3000000
202208,남성,60대,2016,강원도 강릉시,45,자동차 및 부품 판매업,0명,2022,3000000
202208,남성,50대,2018,강원도 강릉시,49,육상 운송 및 파이프라인 운송업,0명,2021,5000000
202208,남성,50대,2017,강원도 강릉시,49,육상 운송 및 파이프라인 운송업,0명,2018,7000000
202208,남성,60대,2016,강원도 강릉시,42,전문직별 공사업,0명,2018,2000000
202208,남성,50대,2009,강원도 강릉시,94,협회 및 단체,0명,2010,2000000
202208,남성,40대,2012,강원도 강릉시,42,전문직별 공사업,0명,2020,3000000
202208,남성,40대,2009,강원도 강릉시,94,협회 및 단체,0명,2011,2000000
202208,남성,60대,1983,강원도 강릉시,96,기타 개인 서비스업,0명,2020,1000000
202208,남성,60대,2000,강원도 강릉시,46,도매 및 상품 중개업,0명,2019,484000000
202208,여성,30대,2019,강원도 강릉시,46,도매 및 상품 중개업,0명,2020,840000000
202208,남성,60대,2011,강원도 강릉시,47,소매업; 자동차 제외,5명 이상 10명 미만,2021,788000000
202208,남성,50대,2007,강원도 강릉시,47,소매업; 자동차 제외,1명 이상 5명 미만,2018,1096000000
202208,남성,40대,2017,강원도 강릉시,86,보건업,0명,2019,1096000000
202208,남성,50대,2015,강원도 강릉시,46,도매 및 상품 중개업,1명 이상 5명 미만,2020,1096000000
202208,여성,50대,2006,강원도 강릉시,47,소매업; 자동차 제외,1명 이상 5명 미만,2019,805000000
202208,남성,50대,2016,강원도 강릉시,56,음식점 및 주점업,1명 이상 5명 미만,2018,314000000
202208,남성,50대,2015,강원도 강릉시,42,전문직별 공사업,1명 이상 5명 미만,2018,647000000
202208,남성,50대,2017,강원도 강릉시,46,도매 및 상품 중개업,0명,2018,465000000
202208,남성,60대,1988,강원도 강릉시,46,도매 및 상품 중개업,1명 이상 5명 미만,2017,259000000
202208,여성,50대,2007,강원도 강릉시,56,음식점 및 주점업,0명,2020,2000000
202208,남성,40대,2010,강원도 강릉시,96,기타 개인 서비스업,0명,2012,3000000
202208,여성,70대,2009,강원도 강릉시,45,자동차 및 부품 판매업,0명,2021,2000000
202208,남성,50대,2016,강원도 강릉시,42,전문직별 공사업,0명,2019,3000000
202208,남성,50대,2016,강원도 강릉시,46,도매 및 상품 중개업,1명 이상 5명 미만,2019,1096000000
202208,남성,60대,1998,강원도 강릉시,45,자동차 및 부품 판매업,1명 이상 5명 미만,2021,1096000000
202208,남성,50대,2016,강원도 강릉시,86,보건업,1명 이상 5명 미만,2018,169000000
202208,남성,50대,2001,강원도 강릉시,47,소매업; 자동차 제외,0명,2019,1096000000
202208,남성,60대,2003,강원도 강릉시,49,육상 운송 및 파이프라인 운송업,0명,2021,3000000
202208,여성,50대,2001,강원도 강릉시,56,음식점 및 주점업,0명,2020,2000000
202208,남성,50대,2018,강원도 강릉시,45,자동차 및 부품 판매업,0명,2022,4000000
202208,남성,60대,2016,강원도 강릉시,45,자동차 및 부품 판매업,0명,2022,7000000
202208,여성,60대,2019,강원도 강릉시,45,자동차 및 부품 판매업,0명,2020,2000000
202208,남성,50대,2015,강원도 강릉시,56,음식점 및 주점업,0명,2021,2000000
202208,남성,50대,2014,강원도 강릉시,96,기타 개인 서비스업,0명,2022,2000000
202208,여성,30대,2017,강원도 강릉시,96,기타 개인 서비스업,0명,2022,4000000
202208,여성,40대,2018,강원도 강릉시,56,음식점 및 주점업,0명,2021,5000000
202208,여성,50대,2010,강원도 강릉시,56,음식점 및 주점업,0명,2013,2000000
202208,여성,50대,2018,강원도 강릉시,56,음식점 및 주점업,0명,2021,4000000
202208,여성,40대,2015,강원도 강릉시,45,자동차 및 부품 판매업,0명,2019,2000000
202208,남성,40대,2021,강원도 강릉시,96,기타 개인 서비스업,0명,2022,3000000
202208,남성,40대,2018,강원도 강릉시,46,도매 및 상품 중개업,1명 이상 5명 미만,2020,1096000000
202208,남성,60대,2007,강원도 강릉시,49,육상 운송 및 파이프라인 운송업,0명,2022,2000000
202208,남성,60대,2011,강원도 강릉시,45,자동차 및 부품 판매업,0명,2022,6000000
202208,여성,40대,2014,강원도 강릉시,45,자동차 및 부품 판매업,0명,2020,2000000
202208,남성,40대,2021,강원도 강릉시,56,음식점 및 주점업,1명 이상 5명 미만,2022,5000000
202208,여성,50대,2016,강원도 강릉시,56,음식점 및 주점업,1명 이상 5명 미만,2022,6000000
202208,여성,60대,2019,강원도 강릉시,56,음식점 및 주점업,1명 이상 5명 미만,2022,2000000
202208,여성,50대,2014,강원도 강릉시,56,음식점 및 주점업,0명,2018,4000000
202208,남성,30대,2014,강원도 강릉시,96,기타 개인 서비스업,0명,2020,2000000
202208,여성,30대,2013,강원도 강릉시,96,기타 개인 서비스업,0명,2020,2000000
202208,여성,60대,2008,강원도 강릉시,56,음식점 및 주점업,0명,2014,1000000
202208,남성,40대,2021,강원도 강릉시,56,음식점 및 주점업,0명,2022,3000000
202208,남성,50대,2013,강원도 강릉시,46,도매 및 상품 중개업,0명,2019,727000000
202208,여성,50대,2014,강원도 강릉시,10,식료품 제조업,10명 이상 30명 미만,2021,1096000000
202208,여성,50대,2001,강원도 강릉시,45,자동차 및 부품 판매업,0명,2019,128000000
202208,남성,40대,2017,강원도 강릉시,45,자동차 및 부품 판매업,0명,2018,2000000
202208,남성,50대,2003,강원도 강릉시,94,협회 및 단체,0명,2020,2000000
202208,여성,60대,2021,강원도 강릉시,45,자동차 및 부품 판매업,0명,2022,6000000
202208,남성,30대,2016,강원도 강릉시,45,자동차 및 부품 판매업,0명,2022,2000000
202208,남성,40대,2019,강원도 강릉시,56,음식점 및 주점업,0명,2021,2000000
202208,남성,40대,2014,강원도 강릉시,96,기타 개인 서비스업,1명 이상 5명 미만,2022,4000000
202208,남성,50대,2006,강원도 강릉시,49,육상 운송 및 파이프라인 운송업,0명,2015,4000000
202208,여성,60대,2013,강원도 강릉시,56,음식점 및 주점업,0명,2019,2000000
202208,남성,30대,2019,강원도 강릉시,56,음식점 및 주점업,0명,2020,3000000
202208,남성,50대,2009,강원도 강릉시,10,식료품 제조업,0명,2020,3000000
202208,여성,30대,2019,강원도 강릉시,45,자동차 및 부품 판매업,0명,2022,2000000
202208,여성,50대,2013,강원도 강릉시,45,자동차 및 부품 판매업,0명,2021,2000000
202208,남성,50대,2016,강원도 강릉시,45,자동차 및 부품 판매업,0명,2021,2000000
202208,남성,50대,2011,강원도 강릉시,45,자동차 및 부품 판매업,0명,2014,3000000
202208,남성,50대,2004,강원도 강릉시,47,소매업; 자동차 제외,0명,2019,1096000000
202208,남성,60대,1985,강원도 강릉시,46,도매 및 상품 중개업,1명 이상 5명 미만,2020,298000000
202208,남성,50대,2006,강원도 강릉시,96,기타 개인 서비스업,0명,2022,3000000
202208,남성,30대,2016,강원도 강릉시,56,음식점 및 주점업,0명,2019,3000000
202208,여성,30대,2020,강원도 강릉시,45,자동차 및 부품 판매업,0명,2022,2000000
202208,여성,60대,2016,강원도 강릉시,45,자동차 및 부품 판매업,0명,2021,4000000
202208,남성,40대,2019,강원도 강릉시,56,음식점 및 주점업,1명 이상 5명 미만,2021,2000000
202208,여성,50대,2017,강원도 강릉시,56,음식점 및 주점업,0명,2021,2000000
202208,남성,50대,2019,강원도 강릉시,56,음식점 및 주점업,1명 이상 5명 미만,2022,2000000
202208,남성,50대,2009,강원도 강릉시,47,소매업; 자동차 제외,0명,2018,468000000
202208,여성,50대,2017,강원도 강릉시,47,소매업; 자동차 제외,1명 이상 5명 미만,2021,750000000
202208,남성,40대,2016,강원도 강릉시,45,자동차 및 부품 판매업,0명,2022,6000000
202208,남성,50대,2007,강원도 강릉시,96,기타 개인 서비스업,0명,2021,6000000
202208,남성,50대,2008,강원도 강릉시,49,육상 운송 및 파이프라인 운송업,0명,2021,2000000
202208,남성,40대,2015,강원도 강릉시,45,자동차 및 부품 판매업,0명,2022,6000000
202208,남성,40대,2016,강원도 강릉시,46,도매 및 상품 중개업,1명 이상 5명 미만,2021,1096000000
202208,남성,40대,2014,강원도 강릉시,47,소매업; 자동차 제외,0명,2017,697000000
202208,여성,40대,2019,강원도 강릉시,45,자동차 및 부품 판매업,0명,2021,2000000
202208,남성,30대,2018,강원도 강릉시,49,육상 운송 및 파이프라인 운송업,0명,2022,5000000
202208,남성,50대,2019,강원도 강릉시,45,자동차 및 부품 판매업,0명,2020,2000000
202208,남성,60대,2001,강원도 강릉시,45,자동차 및 부품 판매업,0명,2020,3000000
202208,여성,50대,2017,강원도 강릉시,10,식료품 제조업,0명,2018,2000000
202208,여성,50대,2016,강원도 강릉시,56,음식점 및 주점업,0명,2017,2000000
202208,남성,40대,2001,강원도 강릉시,47,소매업; 자동차 제외,1명 이상 5명 미만,2020,1096000000
202208,남성,40대,2014,강원도 강릉시,10,식료품 제조업,0명,2020,710000000
202208,남성,50대,2001,강원도 강릉시,95,개인 및 소비용품 수리업,1명 이상 5명 미만,2020,343000000
202208,여성,50대,2016,강원도 강릉시,46,도매 및 상품 중개업,0명,2021,324000000
202208,남성,50대,2006,강원도 강릉시,47,소매업; 자동차 제외,1명 이상 5명 미만,2019,495000000
202208,남성,50대,2001,강원도 강릉시,45,자동차 및 부품 판매업,10명 이상 30명 미만,2017,1096000000
202208,남성,40대,2018,강원도 강릉시,45,자동차 및 부품 판매업,1명 이상 5명 미만,2020,407000000
202208,여성,60대,2021,강원도 강릉시,56,음식점 및 주점업,0명,2022,8000000
202208,남성,40대,2019,강원도 강릉시,56,음식점 및 주점업,1명 이상 5명 미만,2021,7000000
202208,여성,30대,2019,강원도 강릉시,96,기타 개인 서비스업,0명,2021,1000000
202208,남성,40대,2005,강원도 강릉시,94,협회 및 단체,0명,2010,2000000
202208,남성,30대,2018,강원도 강릉시,56,음식점 및 주점업,0명,2021,3000000
202208,여성,40대,2015,강원도 강릉시,45,자동차 및 부품 판매업,0명,2021,2000000
202208,남성,50대,2018,강원도 강릉시,46,도매 및 상품 중개업,0명,2021,1096000000
202208,남성,50대,2006,강원도 강릉시,45,자동차 및 부품 판매업,0명,2021,838000000
202208,남성,70대,2003,강원도 강릉시,47,소매업; 자동차 제외,1명 이상 5명 미만,2020,1096000000
202208,남성,50대,2016,강원도 강릉시,46,도매 및 상품 중개업,1명 이상 5명 미만,2020,295000000
202208,남성,50대,2017,강원도 강릉시,49,육상 운송 및 파이프라인 운송업,0명,2021,2000000
202208,남성,30대,2018,강원도 강릉시,56,음식점 및 주점업,0명,2019,2000000
202208,여성,40대,2011,강원도 강릉시,56,음식점 및 주점업,0명,2017,3000000
202208,남성,50대,2019,강원도 강릉시,56,음식점 및 주점업,0명,2021,2000000
202208,남성,40대,1996,강원도 강릉시,47,소매업; 자동차 제외,1명 이상 5명 미만,2020,755000000
202208,남성,40대,2013,강원도 강릉시,42,전문직별 공사업,0명,2020,199000000
202208,남성,60대,1997,강원도 강릉시,49,육상 운송 및 파이프라인 운송업,1명 이상 5명 미만,2021,109000000
202208,여성,30대,2017,강원도 강릉시,47,소매업; 자동차 제외,5명 이상 10명 미만,2021,1096000000
202208,남성,50대,2015,강원도 강릉시,47,소매업; 자동차 제외,5명 이상 10명 미만,2021,1096000000
202208,남성,60대,2009,강원도 강릉시,47,소매업; 자동차 제외,1명 이상 5명 미만,2021,1096000000
202208,남성,50대,1997,강원도 강릉시,49,육상 운송 및 파이프라인 운송업,1명 이상 5명 미만,2018,128000000
202208,남성,40대,2011,강원도 강릉시,46,도매 및 상품 중개업,0명,2020,380000000
202208,남성,40대,2015,강원도 강릉시,46,도매 및 상품 중개업,0명,2020,1096000000
202208,남성,50대,2014,강원도 강릉시,46,도매 및 상품 중개업,1명 이상 5명 미만,2020,481000000
202208,남성,50대,1996,강원도 강릉시,45,자동차 및 부품 판매업,1명 이상 5명 미만,2020,306000000
202208,여성,60대,1990,강원도 강릉시,46,도매 및 상품 중개업,1명 이상 5명 미만,2021,1096000000
202208,여성,50대,2015,강원도 강릉시,10,식료품 제조업,1명 이상 5명 미만,2021,1096000000
202208,남성,50대,2003,강원도 강릉시,10,식료품 제조업,50명 이상 100명 미만,2021,1096000000
202208,남성,50대,1997,강원도 강릉시,46,도매 및 상품 중개업,1명 이상 5명 미만,2020,1096000000
202208,남성,50대,2010,강원도 강릉시,46,도매 및 상품 중개업,0명,2017,303000000
202208,남성,50대,2015,강원도 강릉시,47,소매업; 자동차 제외,0명,2018,772000000
202208,남성,50대,2003,강원도 강릉시,46,도매 및 상품 중개업,0명,2016,584000000
202208,남성,50대,2011,강원도 강릉시,10,식료품 제조업,0명,2018,202000000
202208,남성,60대,2013,강원도 강릉시,47,소매업; 자동차 제외,1명 이상 5명 미만,2017,724000000
202208,남성,40대,2011,강원도 강릉시,46,도매 및 상품 중개업,0명,2018,367000000
202208,여성,60대,2008,강원도 강릉시,47,소매업; 자동차 제외,0명,2020,588000000
202208,남성,50대,1971,강원도 강릉시,45,자동차 및 부품 판매업,0명,2021,2000000
202208,여성,60대,2011,강원도 강릉시,96,기타 개인 서비스업,0명,2020,2000000
202208,여성,30대,2018,강원도 강릉시,96,기타 개인 서비스업,0명,2022,3000000
202208,여성,40대,2009,강원도 강릉시,96,기타 개인 서비스업,0명,2014,3000000
202208,남성,40대,2019,강원도 강릉시,56,음식점 및 주점업,1명 이상 5명 미만,2022,8000000
202208,남성,50대,2007,강원도 강릉시,49,육상 운송 및 파이프라인 운송업,0명,2022,3000000
202208,남성,60대,2017,강원도 강릉시,10,식료품 제조업,0명,2021,743000000
202208,여성,50대,2016,강원도 강릉시,56,음식점 및 주점업,0명,2019,3000000
202208,남성,50대,2020,강원도 강릉시,96,기타 개인 서비스업,0명,2021,5000000
202208,여성,60대,2018,강원도 강릉시,45,자동차 및 부품 판매업,0명,2022,3000000
202208,남성,60대,1996,강원도 강릉시,45,자동차 및 부품 판매업,1명 이상 5명 미만,2019,379000000
202208,여성,40대,1999,강원도 강릉시,46,도매 및 상품 중개업,0명,2019,221000000
202208,남성,70대,1999,강원도 강릉시,46,도매 및 상품 중개업,1명 이상 5명 미만,2019,829000000
202208,남성,30대,2019,강원도 강릉시,86,보건업,0명,2021,314000000
202208,남성,60대,1986,강원도 강릉시,46,도매 및 상품 중개업,1명 이상 5명 미만,2020,415000000
202208,남성,50대,2010,강원도 강릉시,86,보건업,10명 이상 30명 미만,2021,1096000000
202208,남성,50대,2002,강원도 강릉시,46,도매 및 상품 중개업,0명,2020,92000000
202208,여성,50대,2015,강원도 강릉시,46,도매 및 상품 중개업,0명,2021,1096000000
202208,남성,30대,2021,강원도 강릉시,49,육상 운송 및 파이프라인 운송업,0명,2022,3000000
202208,남성,40대,2015,강원도 강릉시,46,도매 및 상품 중개업,0명,2020,234000000
202208,남성,40대,2019,강원도 강릉시,10,식료품 제조업,1명 이상 5명 미만,2020,610000000
202208,남성,40대,2012,강원도 강릉시,46,도매 및 상품 중개업,1명 이상 5명 미만,2018,546000000
202208,남성,60대,1998,강원도 강릉시,45,자동차 및 부품 판매업,0명,2017,160000000
202208,남성,40대,2009,강원도 강릉시,47,소매업; 자동차 제외,0명,2021,157000000
202208,남성,60대,1985,강원도 강릉시,45,자동차 및 부품 판매업,1명 이상 5명 미만,2018,745000000
202208,남성,30대,2020,강원도 강릉시,86,보건업,10명 이상 30명 미만,2021,1096000000
202208,남성,40대,2010,강원도 강릉시,46,도매 및 상품 중개업,1명 이상 5명 미만,2021,1096000000
202208,남성,40대,2015,강원도 강릉시,47,소매업; 자동차 제외,0명,2021,736000000
202208,남성,40대,2008,강원도 강릉시,47,소매업; 자동차 제외,1명 이상 5명 미만,2018,383000000
202208,남성,60대,1997,강원도 강릉시,46,도매 및 상품 중개업,1명 이상 5명 미만,2021,279000000
202208,남성,50대,1999,강원도 강릉시,10,식료품 제조업,1명 이상 5명 미만,2018,317000000
202208,여성,50대,2013,강원도 강릉시,45,자동차 및 부품 판매업,0명,2019,200000000
202208,남성,50대,2003,강원도 강릉시,41,종합 건설업,0명,2016,285000000
202208,남성,60대,1994,강원도 강릉시,47,소매업; 자동차 제외,1명 이상 5명 미만,2016,1096000000
202208,남성,40대,2008,강원도 강릉시,47,소매업; 자동차 제외,1명 이상 5명 미만,2016,972000000
202208,남성,50대,2000,강원도 강릉시,46,도매 및 상품 중개업,0명,2019,36000000
202208,남성,30대,2011,강원도 강릉시,45,자동차 및 부품 판매업,0명,2018,771000000
202208,남성,40대,2007,강원도 강릉시,46,도매 및 상품 중개업,5명 이상 10명 미만,2018,1096000000
202208,남성,60대,2002,강원도 강릉시,45,자동차 및 부품 판매업,1명 이상 5명 미만,2021,647000000
202208,남성,60대,2018,강원도 강릉시,42,전문직별 공사업,0명,2020,100000000
202208,남성,40대,2017,강원도 강릉시,42,전문직별 공사업,1명 이상 5명 미만,2020,1096000000
202208,남성,60대,2016,강원도 강릉시,10,식료품 제조업,5명 이상 10명 미만,2021,479000000
202208,남성,40대,2019,강원도 강릉시,86,보건업,0명,2021,1096000000
202208,남성,50대,2016,강원도 강릉시,46,도매 및 상품 중개업,1명 이상 5명 미만,2020,295000000
202208,남성,30대,2019,강원도 강릉시,56,음식점 및 주점업,1명 이상 5명 미만,2021,2000000
202208,남성,40대,2018,강원도 강릉시,56,음식점 및 주점업,0명,2020,2000000
202208,남성,50대,1997,강원도 강릉시,47,소매업; 자동차 제외,1명 이상 5명 미만,2019,341000000
202208,여성,40대,2015,강원도 강릉시,56,음식점 및 주점업,0명,2020,1095000000
202208,남성,70대,2010,강원도 강릉시,47,소매업; 자동차 제외,0명,2020,1096000000
202208,여성,60대,2011,강원도 강릉시,10,식료품 제조업,5명 이상 10명 미만,2020,1096000000
202208,남성,40대,2005,강원도 강릉시,47,소매업; 자동차 제외,0명,2021,582000000
202208,남성,50대,2016,강원도 강릉시,10,식료품 제조업,5명 이상 10명 미만,2020,229000000
202208,남성,40대,2009,강원도 강릉시,47,소매업; 자동차 제외,1명 이상 5명 미만,2019,1096000000
202208,남성,40대,2020,강원도 강릉시,46,도매 및 상품 중개업,5명 이상 10명 미만,2021,1096000000
202208,여성,50대,2006,강원도 강릉시,45,자동차 및 부품 판매업,0명,2019,3000000
202208,남성,40대,2017,강원도 강릉시,42,전문직별 공사업,1명 이상 5명 미만,2020,1096000000
202208,남성,40대,2017,강원도 강릉시,86,보건업,0명,2019,1096000000
202208,남성,40대,2012,강원도 강릉시,96,기타 개인 서비스업,0명,2019,3000000
202208,남성,60대,1999,강원도 강릉시,42,전문직별 공사업,1명 이상 5명 미만,2021,1096000000
202208,남성,50대,1998,강원도 강릉시,46,도매 및 상품 중개업,5명 이상 10명 미만,2021,1096000000
202208,남성,40대,2008,강원도 강릉시,10,식료품 제조업,10명 이상 30명 미만,2021,1096000000
202208,남성,50대,2002,강원도 강릉시,47,소매업; 자동차 제외,1명 이상 5명 미만,2021,774000000
202208,남성,40대,2013,강원도 강릉시,10,식료품 제조업,1명 이상 5명 미만,2019,709000000
202208,남성,50대,2002,강원도 강릉시,46,도매 및 상품 중개업,0명,2016,1096000000
202208,남성,50대,1995,강원도 강릉시,45,자동차 및 부품 판매업,1명 이상 5명 미만,2018,678000000
202208,남성,50대,2012,강원도 강릉시,47,소매업; 자동차 제외,0명,2021,1096000000
202208,남성,50대,2018,강원도 강릉시,46,도매 및 상품 중개업,0명,2021,1096000000
202208,남성,50대,2016,강원도 강릉시,42,전문직별 공사업,1명 이상 5명 미만,2020,284000000
202208,남성,60대,1997,강원도 강릉시,49,육상 운송 및 파이프라인 운송업,0명,2017,5000000
202208,남성,40대,2017,강원도 강릉시,96,기타 개인 서비스업,1명 이상 5명 미만,2021,3000000
202208,남성,30대,2020,강원도 강릉시,56,음식점 및 주점업,0명,2021,4000000
202208,남성,50대,2013,강원도 강릉시,56,음식점 및 주점업,0명,2021,3000000
202208,남성,50대,2011,강원도 강릉시,45,자동차 및 부품 판매업,0명,2016,420000000
202208,남성,40대,2020,강원도 강릉시,42,전문직별 공사업,0명,2021,481000000
202208,남성,50대,2000,강원도 강릉시,47,소매업; 자동차 제외,1명 이상 5명 미만,2021,325000000
202208,여성,50대,2015,강원도 강릉시,10,식료품 제조업,10명 이상 30명 미만,2021,1096000000
202208,남성,50대,2011,강원도 강릉시,46,도매 및 상품 중개업,1명 이상 5명 미만,2019,514000000
202208,남성,60대,2009,강원도 강릉시,46,도매 및 상품 중개업,0명,2021,758000000
202208,남성,60대,2010,강원도 강릉시,47,소매업; 자동차 제외,0명,2019,173000000
202208,남성,40대,2018,강원도 강릉시,46,도매 및 상품 중개업,5명 이상 10명 미만,2020,1060000000
202208,남성,50대,2008,강원도 강릉시,46,도매 및 상품 중개업,0명,2018,683000000
202208,남성,30대,2017,강원도 강릉시,56,음식점 및 주점업,0명,2020,281000000
202208,남성,60대,2001,강원도 강릉시,46,도매 및 상품 중개업,1명 이상 5명 미만,2021,1096000000
202208,남성,50대,1997,강원도 강릉시,46,도매 및 상품 중개업,1명 이상 5명 미만,2017,191000000
202208,남성,50대,2008,강원도 강릉시,71,전문 서비스업,0명,2018,193000000
202208,남성,40대,2004,강원도 강릉시,46,도매 및 상품 중개업,1명 이상 5명 미만,2021,1096000000
202208,남성,40대,2011,강원도 강릉시,46,도매 및 상품 중개업,5명 이상 10명 미만,2021,1096000000
202208,남성,50대,2009,강원도 강릉시,46,도매 및 상품 중개업,0명,2019,583000000
202208,남성,30대,2017,강원도 강릉시,47,소매업; 자동차 제외,0명,2018,901000000
202208,여성,50대,2011,강원도 강릉시,46,도매 및 상품 중개업,1명 이상 5명 미만,2020,692000000
202208,남성,40대,2009,강원도 강릉시,45,자동차 및 부품 판매업,0명,2021,2000000
202208,남성,50대,2010,강원도 강릉시,96,기타 개인 서비스업,0명,2012,2000000
202208,남성,50대,2012,강원도 강릉시,10,식료품 제조업,0명,2021,2000000
202208,남성,50대,2015,강원도 강릉시,41,종합 건설업,0명,2020,2000000
202208,남성,50대,2015,강원도 강릉시,56,음식점 및 주점업,0명,2019,2000000
202208,여성,50대,2019,강원도 강릉시,56,음식점 및 주점업,0명,2020,2000000
202208,남성,40대,2018,강원도 강릉시,86,보건업,5명 이상 10명 미만,2019,299000000
202208,남성,50대,2017,강원도 강릉시,46,도매 및 상품 중개업,1명 이상 5명 미만,2020,1096000000
202208,여성,60대,2008,강원도 강릉시,46,도매 및 상품 중개업,1명 이상 5명 미만,2018,468000000
202208,남성,60대,2018,강원도 강릉시,56,음식점 및 주점업,0명,2019,361000000
202208,남성,50대,2002,강원도 강릉시,42,전문직별 공사업,0명,2018,245000000
202208,남성,40대,2018,강원도 강릉시,95,개인 및 소비용품 수리업,5명 이상 10명 미만,2020,623000000
202208,남성,60대,1995,강원도 강릉시,46,도매 및 상품 중개업,5명 이상 10명 미만,2020,681000000
202208,남성,30대,2019,강원도 강릉시,47,소매업; 자동차 제외,1명 이상 5명 미만,2021,1096000000
202208,남성,50대,2018,강원도 강릉시,49,육상 운송 및 파이프라인 운송업,5명 이상 10명 미만,2020,168000000
202208,남성,50대,2014,강원도 강릉시,56,음식점 및 주점업,5명 이상 10명 미만,2020,1096000000
202208,남성,40대,2000,강원도 강릉시,10,식료품 제조업,0명,2020,634000000
202208,남성,50대,2011,강원도 강릉시,47,소매업; 자동차 제외,5명 이상 10명 미만,2020,1096000000
202208,여성,60대,2005,강원도 강릉시,10,식료품 제조업,10명 이상 30명 미만,2021,1096000000
202208,남성,50대,2004,강원도 강릉시,10,식료품 제조업,1명 이상 5명 미만,2021,1094000000
202208,남성,50대,2017,강원도 강릉시,86,보건업,0명,2020,498000000
202208,남성,30대,2017,강원도 강릉시,47,소매업; 자동차 제외,1명 이상 5명 미만,2018,901000000
202208,남성,40대,2015,강원도 강릉시,46,도매 및 상품 중개업,1명 이상 5명 미만,2020,1096000000
202208,남성,50대,2002,강원도 강릉시,42,전문직별 공사업,1명 이상 5명 미만,2021,582000000
202208,여성,50대,2003,강원도 강릉시,46,도매 및 상품 중개업,1명 이상 5명 미만,2018,433000000
202208,남성,50대,2017,강원도 강릉시,47,소매업; 자동차 제외,1명 이상 5명 미만,2021,196000000
202208,여성,50대,2019,강원도 강릉시,56,음식점 및 주점업,1명 이상 5명 미만,2020,100000000
202208,남성,60대,2012,강원도 강릉시,10,식료품 제조업,1명 이상 5명 미만,2021,1096000000
202208,여성,60대,2009,강원도 강릉시,46,도매 및 상품 중개업,1명 이상 5명 미만,2019,1096000000
202208,남성,50대,2006,강원도 강릉시,47,소매업; 자동차 제외,0명,2018,147000000
202208,여성,60대,2004,강원도 강릉시,47,소매업; 자동차 제외,0명,2021,1096000000
202208,남성,50대,2011,강원도 강릉시,46,도매 및 상품 중개업,0명,2019,1096000000
202208,여성,50대,2017,강원도 강릉시,47,소매업; 자동차 제외,1명 이상 5명 미만,2019,824000000
202208,남성,60대,2018,강원도 강릉시,56,음식점 및 주점업,0명,2019,2000000
202208,남성,30대,2014,강원도 강릉시,45,자동차 및 부품 판매업,0명,2015,2000000
202208,여성,70대,2015,강원도 강릉시,56,음식점 및 주점업,0명,2017,3000000
202208,남성,50대,2005,강원도 강릉시,49,육상 운송 및 파이프라인 운송업,0명,2019,4000000
202208,남성,50대,1990,강원도 강릉시,46,도매 및 상품 중개업,0명,2018,339000000
202208,남성,40대,2015,강원도 강릉시,46,도매 및 상품 중개업,0명,2017,350000000
202208,남성,60대,2016,강원도 강릉시,46,도매 및 상품 중개업,1명 이상 5명 미만,2018,568000000
202208,남성,70대,2004,강원도 강릉시,46,도매 및 상품 중개업,0명,2017,1091000000
202208,여성,60대,2006,강원도 강릉시,47,소매업; 자동차 제외,1명 이상 5명 미만,2020,1096000000
202208,남성,50대,2008,강원도 강릉시,46,도매 및 상품 중개업,1명 이상 5명 미만,2020,1096000000
202208,남성,50대,1999,강원도 강릉시,47,소매업; 자동차 제외,1명 이상 5명 미만,2019,1096000000
202208,남성,60대,2000,강원도 강릉시,46,도매 및 상품 중개업,1명 이상 5명 미만,2020,917000000
202208,남성,60대,2014,강원도 강릉시,42,전문직별 공사업,0명,2022,2000000
202208,여성,40대,2010,강원도 강릉시,56,음식점 및 주점업,1명 이상 5명 미만,2020,1095000000
202208,남성,50대,2018,강원도 강릉시,47,소매업; 자동차 제외,1명 이상 5명 미만,2020,396000000
202208,남성,60대,2006,강원도 강릉시,10,식료품 제조업,10명 이상 30명 미만,2021,1096000000
202208,남성,50대,1995,강원도 강릉시,95,개인 및 소비용품 수리업,1명 이상 5명 미만,2021,823000000
202208,남성,40대,2015,강원도 강릉시,96,기타 개인 서비스업,1명 이상 5명 미만,2019,151000000
202208,남성,60대,2015,강원도 강릉시,47,소매업; 자동차 제외,1명 이상 5명 미만,2016,736000000
202208,남성,50대,2017,강원도 강릉시,47,소매업; 자동차 제외,1명 이상 5명 미만,2021,614000000
202208,여성,50대,2019,강원도 강릉시,56,음식점 및 주점업,1명 이상 5명 미만,2021,506000000
202208,남성,50대,2017,강원도 강릉시,46,도매 및 상품 중개업,0명,2021,618000000
202208,남성,50대,2017,강원도 강릉시,45,자동차 및 부품 판매업,1명 이상 5명 미만,2021,1096000000
202208,남성,40대,2015,강원도 강릉시,46,도매 및 상품 중개업,1명 이상 5명 미만,2020,732000000
202208,남성,40대,2014,강원도 강릉시,47,소매업; 자동차 제외,0명,2017,734000000
202208,남성,50대,1997,강원도 강릉시,47,소매업; 자동차 제외,1명 이상 5명 미만,2021,1096000000
202208,남성,30대,2013,강원도 강릉시,49,육상 운송 및 파이프라인 운송업,0명,2019,97000000
202208,여성,50대,2007,강원도 강릉시,10,식료품 제조업,5명 이상 10명 미만,2020,1096000000
202208,남성,40대,2013,강원도 강릉시,46,도매 및 상품 중개업,1명 이상 5명 미만,2020,269000000
202208,남성,50대,2016,강원도 강릉시,56,음식점 및 주점업,1명 이상 5명 미만,2019,561000000
202208,남성,50대,2014,강원도 강릉시,56,음식점 및 주점업,1명 이상 5명 미만,2020,165000000
202208,남성,50대,2017,강원도 강릉시,46,도매 및 상품 중개업,1명 이상 5명 미만,2018,1096000000
202208,남성,50대,1999,강원도 강릉시,46,도매 및 상품 중개업,1명 이상 5명 미만,2018,675000000
202208,남성,30대,2014,강원도 강릉시,86,보건업,5명 이상 10명 미만,2016,1096000000
202208,남성,60대,2004,강원도 강릉시,47,소매업; 자동차 제외,1명 이상 5명 미만,2017,121000000
202208,여성,60대,2010,강원도 강릉시,56,음식점 및 주점업,5명 이상 10명 미만,2021,582000000
202208,남성,50대,2000,강원도 강릉시,42,전문직별 공사업,1명 이상 5명 미만,2017,397000000
202208,여성,40대,2018,강원도 강릉시,47,소매업; 자동차 제외,0명,2020,42000000
202208,남성,50대,2011,강원도 강릉시,42,전문직별 공사업,1명 이상 5명 미만,2018,405000000
202208,남성,50대,1991,강원도 강릉시,46,도매 및 상품 중개업,0명,2021,1096000000
202208,여성,60대,1993,강원도 강릉시,45,자동차 및 부품 판매업,1명 이상 5명 미만,2021,749000000
202208,남성,60대,2014,강원도 고성군,46,도매 및 상품 중개업,1명 이상 5명 미만,2021,1096000000
202208,남성,50대,2011,강원도 고성군,46,도매 및 상품 중개업,1명 이상 5명 미만,2020,658000000
202208,남성,50대,2010,강원도 고성군,46,도매 및 상품 중개업,1명 이상 5명 미만,2021,1096000000
202208,남성,50대,2012,강원도 고성군,46,도매 및 상품 중개업,0명,2019,1096000000
202208,남성,30대,2018,강원도 고성군,10,식료품 제조업,0명,2021,575000000
202208,남성,40대,2017,강원도 고성군,56,음식점 및 주점업,0명,2019,4000000
202208,남성,30대,2017,강원도 고성군,10,식료품 제조업,10명 이상 30명 미만,2021,1096000000
202208,여성,50대,2016,강원도 고성군,56,음식점 및 주점업,0명,2021,6000000
202208,여성,50대,2017,강원도 고성군,56,음식점 및 주점업,0명,2021,2000000
202208,여성,50대,2011,강원도 고성군,56,음식점 및 주점업,0명,2020,1000000
202208,남성,60대,2018,강원도 고성군,56,음식점 및 주점업,0명,2019,4000000
202208,남성,40대,2017,강원도 고성군,56,음식점 및 주점업,5명 이상 10명 미만,2019,448000000
202208,여성,50대,1992,강원도 고성군,56,음식점 및 주점업,0명,2019,3000000
202208,여성,50대,2017,강원도 고성군,56,음식점 및 주점업,0명,2022,1000000
202208,남성,50대,2015,강원도 고성군,46,도매 및 상품 중개업,0명,2017,1096000000
202208,남성,30대,2017,강원도 고성군,10,식료품 제조업,1명 이상 5명 미만,2021,1096000000
202208,여성,50대,2019,강원도 고성군,56,음식점 및 주점업,0명,2021,3000000
202208,여성,50대,2006,강원도 고성군,56,음식점 및 주점업,1명 이상 5명 미만,2018,609000000
202208,남성,40대,2019,강원도 고성군,56,음식점 및 주점업,0명,2020,4000000
202208,여성,50대,1999,강원도 고성군,56,음식점 및 주점업,1명 이상 5명 미만,2019,212000000
202208,남성,50대,2016,강원도 고성군,47,소매업; 자동차 제외,0명,2021,1096000000
202208,남성,50대,2005,강원도 고성군,47,소매업; 자동차 제외,5명 이상 10명 미만,2021,1096000000
202208,남성,40대,2014,강원도 고성군,56,음식점 및 주점업,1명 이상 5명 미만,2018,296000000
202208,여성,60대,2012,강원도 고성군,56,음식점 및 주점업,0명,2020,2000000
202208,여성,40대,2015,강원도 고성군,56,음식점 및 주점업,0명,2016,2000000
202208,남성,30대,2014,강원도 고성군,10,식료품 제조업,0명,2018,39000000
202208,남성,60대,2018,강원도 고성군,46,도매 및 상품 중개업,1명 이상 5명 미만,2021,802000000
202208,남성,50대,2015,강원도 고성군,46,도매 및 상품 중개업,1명 이상 5명 미만,2018,1096000000
202208,남성,50대,2006,강원도 고성군,47,소매업; 자동차 제외,0명,2020,1096000000
202208,남성,30대,2018,강원도 고성군,10,식료품 제조업,0명,2021,575000000
202208,남성,60대,1988,강원도 고성군,46,도매 및 상품 중개업,1명 이상 5명 미만,2020,410000000
202208,남성,50대,2015,강원도 고성군,47,소매업; 자동차 제외,1명 이상 5명 미만,2021,1096000000
202208,여성,50대,2012,강원도 동해시,96,기타 개인 서비스업,5명 이상 10명 미만,2019,804000000
202208,남성,60대,2018,강원도 동해시,47,소매업; 자동차 제외,1명 이상 5명 미만,2021,1096000000
202208,남성,60대,1993,강원도 동해시,46,도매 및 상품 중개업,0명,2016,143000000
202208,남성,40대,2006,강원도 동해시,47,소매업; 자동차 제외,1명 이상 5명 미만,2021,1096000000
202208,남성,40대,2014,강원도 동해시,46,도매 및 상품 중개업,0명,2020,1096000000
202208,남성,50대,2008,강원도 동해시,46,도매 및 상품 중개업,1명 이상 5명 미만,2018,1096000000
202208,남성,50대,2009,강원도 동해시,49,육상 운송 및 파이프라인 운송업,0명,2019,491000000
202208,남성,40대,2008,강원도 동해시,42,전문직별 공사업,0명,2016,192000000
202208,남성,40대,2012,강원도 동해시,47,소매업; 자동차 제외,0명,2019,409000000
202208,여성,60대,1999,강원도 동해시,46,도매 및 상품 중개업,0명,2021,1096000000
202208,남성,60대,1986,강원도 동해시,10,식료품 제조업,10명 이상 30명 미만,2021,49000000
202208,남성,40대,2010,강원도 동해시,42,전문직별 공사업,0명,2014,237000000
202208,남성,60대,1987,강원도 동해시,10,식료품 제조업,1명 이상 5명 미만,2019,480000000
202208,남성,60대,2018,강원도 동해시,45,자동차 및 부품 판매업,0명,2022,3000000
202208,남성,30대,2012,강원도 동해시,86,보건업,0명,2020,933000000
202208,남성,50대,1988,강원도 동해시,47,소매업; 자동차 제외,1명 이상 5명 미만,2021,1096000000
202208,여성,50대,2017,강원도 동해시,45,자동차 및 부품 판매업,0명,2018,1093000000
202208,남성,50대,2020,강원도 동해시,46,도매 및 상품 중개업,1명 이상 5명 미만,2021,1096000000
202208,남성,50대,2013,강원도 동해시,47,소매업; 자동차 제외,5명 이상 10명 미만,2020,1092000000
202208,남성,50대,2017,강원도 동해시,29,기타 기계 및 장비 제조업,0명,2021,875000000
202208,남성,50대,2017,강원도 동해시,46,도매 및 상품 중개업,1명 이상 5명 미만,2021,1096000000
202208,남성,30대,2018,강원도 동해시,56,음식점 및 주점업,1명 이상 5명 미만,2019,429000000
202208,남성,50대,2010,강원도 동해시,46,도매 및 상품 중개업,1명 이상 5명 미만,2021,713000000
202208,남성,40대,2013,강원도 동해시,45,자동차 및 부품 판매업,1명 이상 5명 미만,2021,1096000000
202208,남성,50대,2005,강원도 동해시,42,전문직별 공사업,1명 이상 5명 미만,2019,148000000
202208,남성,40대,2012,강원도 동해시,46,도매 및 상품 중개업,1명 이상 5명 미만,2020,1096000000
202208,여성,50대,2015,강원도 동해시,46,도매 및 상품 중개업,1명 이상 5명 미만,2020,1096000000
202208,남성,50대,2008,강원도 동해시,46,도매 및 상품 중개업,1명 이상 5명 미만,2021,721000000
202208,남성,60대,2021,강원도 동해시,49,육상 운송 및 파이프라인 운송업,0명,2022,4000000
202208,남성,40대,2016,강원도 동해시,45,자동차 및 부품 판매업,0명,2020,2000000
202208,여성,50대,2012,강원도 동해시,45,자동차 및 부품 판매업,0명,2013,1000000
202208,여성,50대,2019,강원도 동해시,45,자동차 및 부품 판매업,0명,2020,1000000
202208,여성,40대,2001,강원도 동해시,47,소매업; 자동차 제외,5명 이상 10명 미만,2020,1096000000
202208,여성,30대,2019,강원도 동해시,47,소매업; 자동차 제외,0명,2020,598000000
202208,여성,40대,2013,강원도 동해시,46,도매 및 상품 중개업,1명 이상 5명 미만,2021,1096000000
202208,남성,50대,2013,강원도 동해시,47,소매업; 자동차 제외,1명 이상 5명 미만,2020,1092000000
202208,남성,50대,1994,강원도 동해시,46,도매 및 상품 중개업,1명 이상 5명 미만,2020,1096000000
202208,여성,50대,2018,강원도 동해시,45,자동차 및 부품 판매업,0명,2021,3000000
202208,남성,40대,2016,강원도 동해시,42,전문직별 공사업,0명,2022,5000000
202208,여성,60대,2009,강원도 동해시,46,도매 및 상품 중개업,5명 이상 10명 미만,2019,1096000000
202208,남성,50대,2004,강원도 동해시,49,육상 운송 및 파이프라인 운송업,0명,2018,199000000
202208,남성,30대,2010,강원도 동해시,47,소매업; 자동차 제외,0명,2017,1096000000
202208,남성,40대,2006,강원도 동해시,47,소매업; 자동차 제외,5명 이상 10명 미만,2021,1096000000
202208,남성,50대,2005,강원도 동해시,42,전문직별 공사업,0명,2019,148000000
202208,남성,40대,2006,강원도 동해시,46,도매 및 상품 중개업,0명,2020,491000000
202208,남성,50대,2011,강원도 동해시,47,소매업; 자동차 제외,1명 이상 5명 미만,2017,286000000
202208,남성,40대,2008,강원도 동해시,45,자동차 및 부품 판매업,1명 이상 5명 미만,2021,893000000
202208,남성,50대,2008,강원도 동해시,47,소매업; 자동차 제외,0명,2019,325000000
202208,남성,50대,2012,강원도 동해시,45,자동차 및 부품 판매업,1명 이상 5명 미만,2021,886000000
202208,남성,40대,2002,강원도 동해시,42,전문직별 공사업,0명,2021,444000000
202208,남성,50대,2002,강원도 동해시,46,도매 및 상품 중개업,1명 이상 5명 미만,2020,654000000
202208,남성,50대,2001,강원도 동해시,42,전문직별 공사업,0명,2020,603000000
202208,남성,50대,2001,강원도 동해시,49,육상 운송 및 파이프라인 운송업,0명,2015,214000000
202208,남성,60대,2011,강원도 동해시,45,자동차 및 부품 판매업,0명,2022,2000000
202208,남성,50대,2000,강원도 동해시,45,자동차 및 부품 판매업,0명,2021,3000000
202208,남성,60대,1996,강원도 동해시,49,육상 운송 및 파이프라인 운송업,1명 이상 5명 미만,2021,160000000
202208,여성,60대,1999,강원도 동해시,47,소매업; 자동차 제외,1명 이상 5명 미만,2018,648000000
202208,여성,50대,2014,강원도 동해시,47,소매업; 자동차 제외,1명 이상 5명 미만,2020,1096000000
202208,여성,60대,2006,강원도 동해시,56,음식점 및 주점업,0명,2020,421000000
202208,남성,50대,2002,강원도 동해시,49,육상 운송 및 파이프라인 운송업,0명,2019,209000000
202208,여성,60대,2016,강원도 동해시,56,음식점 및 주점업,0명,2021,2000000
202208,남성,60대,1996,강원도 동해시,46,도매 및 상품 중개업,0명,2018,855000000
202208,남성,40대,2017,강원도 동해시,49,육상 운송 및 파이프라인 운송업,0명,2019,4000000
202208,남성,40대,2004,강원도 동해시,49,육상 운송 및 파이프라인 운송업,0명,2021,16000000
202208,여성,40대,2017,강원도 동해시,56,음식점 및 주점업,0명,2020,2000000
202208,여성,50대,2016,강원도 동해시,96,기타 개인 서비스업,0명,2020,2000000
202208,여성,60대,2005,강원도 동해시,56,음식점 및 주점업,0명,2011,2000000
202208,여성,40대,2010,강원도 동해시,42,전문직별 공사업,0명,2019,4000000
202208,여성,60대,2012,강원도 동해시,56,음식점 및 주점업,0명,2020,2000000
202208,남성,50대,2018,강원도 동해시,56,음식점 및 주점업,0명,2019,1000000
202208,여성,40대,2014,강원도 동해시,56,음식점 및 주점업,0명,2015,2000000
202208,여성,50대,1993,강원도 동해시,45,자동차 및 부품 판매업,0명,2020,313000000
202208,남성,50대,2013,강원도 동해시,46,도매 및 상품 중개업,0명,2020,1096000000
202208,여성,40대,2014,강원도 동해시,46,도매 및 상품 중개업,0명,2021,117000000
202208,남성,50대,2011,강원도 동해시,42,전문직별 공사업,0명,2020,133000000
202208,남성,50대,1997,강원도 동해시,46,도매 및 상품 중개업,1명 이상 5명 미만,2018,751000000
202208,남성,50대,2011,강원도 동해시,46,도매 및 상품 중개업,1명 이상 5명 미만,2017,852000000
202208,남성,50대,2004,강원도 동해시,46,도매 및 상품 중개업,5명 이상 10명 미만,2021,1096000000
202208,남성,50대,2004,강원도 동해시,42,전문직별 공사업,0명,2018,199000000
202208,여성,60대,2016,강원도 동해시,10,식료품 제조업,10명 이상 30명 미만,2020,1061000000
202208,남성,60대,1999,강원도 동해시,10,식료품 제조업,1명 이상 5명 미만,2020,899000000
202208,남성,50대,2007,강원도 동해시,42,전문직별 공사업,1명 이상 5명 미만,2020,1096000000
202208,남성,50대,1995,강원도 동해시,45,자동차 및 부품 판매업,1명 이상 5명 미만,2020,854000000
202208,남성,50대,2005,강원도 동해시,46,도매 및 상품 중개업,1명 이상 5명 미만,2021,1005000000
202208,여성,50대,2012,강원도 동해시,56,음식점 및 주점업,0명,2013,3000000
202208,여성,50대,2013,강원도 동해시,96,기타 개인 서비스업,0명,2014,2000000
202208,남성,50대,2017,강원도 동해시,45,자동차 및 부품 판매업,0명,2020,2000000
202208,남성,50대,2017,강원도 동해시,56,음식점 및 주점업,0명,2019,4000000
202208,여성,60대,2009,강원도 동해시,56,음식점 및 주점업,0명,2013,2000000
202208,여성,50대,2010,강원도 동해시,42,전문직별 공사업,0명,2022,4000000
202208,남성,50대,2017,강원도 동해시,47,소매업; 자동차 제외,0명,2019,385000000
202208,남성,30대,2010,강원도 동해시,46,도매 및 상품 중개업,1명 이상 5명 미만,2018,1096000000
202208,남성,50대,2015,강원도 동해시,46,도매 및 상품 중개업,1명 이상 5명 미만,2018,1096000000
202208,여성,40대,2014,강원도 동해시,56,음식점 및 주점업,5명 이상 10명 미만,2020,850000000
202208,남성,50대,2018,강원도 동해시,42,전문직별 공사업,0명,2021,207000000
202208,남성,50대,2008,강원도 동해시,47,소매업; 자동차 제외,0명,2019,325000000
202208,남성,50대,2010,강원도 동해시,41,종합 건설업,0명,2014,3000000
202208,여성,50대,2018,강원도 동해시,56,음식점 및 주점업,0명,2022,3000000
202208,여성,60대,2010,강원도 동해시,56,음식점 및 주점업,0명,2011,2000000
202208,남성,50대,2008,강원도 동해시,49,육상 운송 및 파이프라인 운송업,0명,2018,2000000
202208,여성,60대,2018,강원도 동해시,56,음식점 및 주점업,0명,2019,2000000
202208,남성,50대,2001,강원도 동해시,49,육상 운송 및 파이프라인 운송업,0명,2021,3000000
202208,남성,50대,2017,강원도 동해시,10,식료품 제조업,1명 이상 5명 미만,2019,1096000000
202208,여성,40대,2013,강원도 동해시,46,도매 및 상품 중개업,0명,2021,1096000000
202208,남성,40대,2017,강원도 동해시,47,소매업; 자동차 제외,1명 이상 5명 미만,2021,189000000
202208,여성,40대,2018,강원도 동해시,46,도매 및 상품 중개업,5명 이상 10명 미만,2021,703000000
202208,남성,40대,2003,강원도 동해시,46,도매 및 상품 중개업,0명,2021,829000000
202208,여성,60대,1999,강원도 동해시,47,소매업; 자동차 제외,0명,2018,648000000
202208,남성,40대,2017,강원도 동해시,45,자동차 및 부품 판매업,0명,2020,3000000
202208,여성,40대,2015,강원도 동해시,56,음식점 및 주점업,0명,2017,2000000
202208,남성,30대,2017,강원도 동해시,45,자동차 및 부품 판매업,0명,2019,5000000
202208,여성,50대,2019,강원도 동해시,47,소매업; 자동차 제외,1명 이상 5명 미만,2020,1096000000
202208,남성,50대,2015,강원도 동해시,56,음식점 및 주점업,5명 이상 10명 미만,2018,526000000
202208,남성,50대,2002,강원도 동해시,49,육상 운송 및 파이프라인 운송업,0명,2021,1000000
202208,남성,50대,2007,강원도 동해시,56,음식점 및 주점업,0명,2016,2000000
202208,남성,50대,2007,강원도 동해시,56,음식점 및 주점업,0명,2012,2000000
202208,남성,30대,2017,강원도 동해시,45,자동차 및 부품 판매업,0명,2021,2000000
202208,남성,50대,2016,강원도 동해시,45,자동차 및 부품 판매업,0명,2018,2000000
202208,여성,50대,2004,강원도 동해시,46,도매 및 상품 중개업,1명 이상 5명 미만,2021,344000000
202208,남성,50대,2019,강원도 동해시,46,도매 및 상품 중개업,1명 이상 5명 미만,2021,627000000
202208,남성,40대,2009,강원도 동해시,46,도매 및 상품 중개업,1명 이상 5명 미만,2021,1096000000
202208,남성,50대,1998,강원도 동해시,42,전문직별 공사업,10명 이상 30명 미만,2021,1096000000
202208,남성,40대,2017,강원도 동해시,46,도매 및 상품 중개업,1명 이상 5명 미만,2019,1096000000
202208,여성,50대,2017,강원도 동해시,45,자동차 및 부품 판매업,1명 이상 5명 미만,2018,1093000000
202208,남성,60대,1996,강원도 동해시,49,육상 운송 및 파이프라인 운송업,1명 이상 5명 미만,2021,160000000
202208,남성,60대,2015,강원도 동해시,47,소매업; 자동차 제외,0명,2020,911000000
202208,여성,60대,1982,강원도 동해시,47,소매업; 자동차 제외,1명 이상 5명 미만,2021,631000000
202208,남성,50대,2018,강원도 동해시,56,음식점 및 주점업,1명 이상 5명 미만,2020,180000000
202208,여성,40대,2018,강원도 동해시,46,도매 및 상품 중개업,1명 이상 5명 미만,2021,703000000
202208,남성,40대,2014,강원도 동해시,46,도매 및 상품 중개업,0명,2019,1096000000
202208,여성,40대,2018,강원도 동해시,47,소매업; 자동차 제외,1명 이상 5명 미만,2020,822000000
202208,여성,60대,2008,강원도 동해시,56,음식점 및 주점업,0명,2010,2000000
202208,여성,60대,1996,강원도 동해시,56,음식점 및 주점업,0명,2021,2000000
202208,남성,50대,2010,강원도 동해시,56,음식점 및 주점업,0명,2015,4000000
202208,여성,50대,2014,강원도 동해시,47,소매업; 자동차 제외,5명 이상 10명 미만,2020,1096000000
202208,남성,60대,2014,강원도 동해시,42,전문직별 공사업,0명,2020,3000000
202208,남성,40대,2021,강원도 동해시,49,육상 운송 및 파이프라인 운송업,0명,2022,5000000
202208,남성,30대,2019,강원도 동해시,45,자동차 및 부품 판매업,0명,2020,2000000
202208,여성,50대,1996,강원도 동해시,96,기타 개인 서비스업,0명,2021,2000000
202208,남성,50대,2014,강원도 동해시,10,식료품 제조업,0명,2022,5000000
202208,여성,50대,2017,강원도 동해시,49,육상 운송 및 파이프라인 운송업,0명,2021,4000000
202208,남성,40대,2019,강원도 동해시,56,음식점 및 주점업,0명,2022,3000000
202208,남성,40대,2015,강원도 동해시,49,육상 운송 및 파이프라인 운송업,0명,2020,3000000
202208,여성,40대,2018,강원도 동해시,96,기타 개인 서비스업,0명,2020,3000000
202208,남성,50대,2012,강원도 동해시,42,전문직별 공사업,0명,2016,5000000
202208,남성,60대,2000,강원도 동해시,47,소매업; 자동차 제외,1명 이상 5명 미만,2020,844000000
202208,여성,60대,1983,강원도 동해시,46,도매 및 상품 중개업,1명 이상 5명 미만,2019,1096000000
202208,여성,60대,1982,강원도 동해시,46,도매 및 상품 중개업,1명 이상 5명 미만,2021,631000000
202208,남성,40대,2014,강원도 동해시,42,전문직별 공사업,0명,2020,2000000
202208,남성,50대,2002,강원도 동해시,49,육상 운송 및 파이프라인 운송업,0명,2018,3000000
202208,남성,60대,2018,강원도 동해시,41,종합 건설업,0명,2020,2000000
202208,여성,60대,1985,강원도 동해시,45,자동차 및 부품 판매업,0명,2012,3000000
202208,남성,50대,2018,강원도 동해시,56,음식점 및 주점업,0명,2020,2000000
202208,남성,40대,2016,강원도 동해시,56,음식점 및 주점업,0명,2017,2000000
202208,남성,50대,2010,강원도 동해시,42,전문직별 공사업,0명,2021,3000000
202208,남성,50대,1988,강원도 동해시,47,소매업; 자동차 제외,1명 이상 5명 미만,2021,1096000000
202208,남성,40대,2013,강원도 동해시,46,도매 및 상품 중개업,0명,2021,789000000
202208,남성,40대,2016,강원도 동해시,46,도매 및 상품 중개업,1명 이상 5명 미만,2019,173000000
202208,남성,50대,2011,강원도 동해시,49,육상 운송 및 파이프라인 운송업,0명,2013,2000000
202208,남성,50대,2016,강원도 동해시,42,전문직별 공사업,0명,2021,2000000
202208,남성,60대,2016,강원도 동해시,42,전문직별 공사업,0명,2021,6000000
202208,여성,60대,2016,강원도 동해시,56,음식점 및 주점업,0명,2022,2000000
202208,남성,50대,2017,강원도 동해시,46,도매 및 상품 중개업,1명 이상 5명 미만,2021,1096000000
202208,남성,60대,1995,강원도 동해시,45,자동차 및 부품 판매업,1명 이상 5명 미만,2021,1028000000
202208,여성,30대,2014,강원도 동해시,56,음식점 및 주점업,0명,2015,2000000
202208,여성,60대,2013,강원도 동해시,56,음식점 및 주점업,0명,2019,2000000
202208,여성,60대,1998,강원도 동해시,45,자동차 및 부품 판매업,0명,2022,2000000
202208,남성,50대,2016,강원도 동해시,56,음식점 및 주점업,0명,2022,3000000
202208,남성,30대,2014,강원도 동해시,46,도매 및 상품 중개업,1명 이상 5명 미만,2021,1096000000
202208,남성,50대,2002,강원도 동해시,46,도매 및 상품 중개업,1명 이상 5명 미만,2020,655000000
202208,남성,50대,2018,강원도 동해시,56,음식점 및 주점업,0명,2022,3000000
202208,남성,40대,2012,강원도 동해시,45,자동차 및 부품 판매업,0명,2020,2000000
202208,여성,60대,2015,강원도 동해시,56,음식점 및 주점업,0명,2016,2000000
202208,여성,40대,2017,강원도 동해시,96,기타 개인 서비스업,0명,2020,2000000
202208,남성,40대,2016,강원도 동해시,46,도매 및 상품 중개업,1명 이상 5명 미만,2021,359000000
202208,남성,50대,2004,강원도 동해시,41,종합 건설업,0명,2021,2000000
202208,여성,60대,2018,강원도 동해시,56,음식점 및 주점업,0명,2020,2000000
202208,남성,60대,2018,강원도 동해시,45,자동차 및 부품 판매업,0명,2022,3000000
202208,여성,60대,2009,강원도 동해시,45,자동차 및 부품 판매업,0명,2022,3000000
202208,남성,50대,2015,강원도 동해시,56,음식점 및 주점업,0명,2018,526000000
202208,남성,50대,2010,강원도 동해시,49,육상 운송 및 파이프라인 운송업,1명 이상 5명 미만,2016,471000000
202208,남성,60대,2011,강원도 동해시,42,전문직별 공사업,0명,2020,3000000
202208,여성,50대,2012,강원도 동해시,45,자동차 및 부품 판매업,0명,2015,2000000
202208,남성,50대,2009,강원도 동해시,47,소매업; 자동차 제외,5명 이상 10명 미만,2021,991000000
202208,남성,40대,2017,강원도 동해시,46,도매 및 상품 중개업,1명 이상 5명 미만,2021,959000000
202208,남성,60대,1989,강원도 동해시,47,소매업; 자동차 제외,1명 이상 5명 미만,2021,480000000
202208,남성,60대,2014,강원도 동해시,41,종합 건설업,0명,2021,6000000
202208,남성,50대,2016,강원도 동해시,49,육상 운송 및 파이프라인 운송업,0명,2020,4000000
202208,여성,40대,2010,강원도 동해시,96,기타 개인 서비스업,0명,2019,3000000
202208,남성,50대,2016,강원도 동해시,56,음식점 및 주점업,0명,2020,3000000
202208,남성,30대,2019,강원도 동해시,45,자동차 및 부품 판매업,0명,2020,3000000
202208,여성,60대,2010,강원도 동해시,56,음식점 및 주점업,0명,2014,2000000
202208,여성,50대,2015,강원도 동해시,56,음식점 및 주점업,0명,2020,3000000
202208,남성,40대,2013,강원도 동해시,49,육상 운송 및 파이프라인 운송업,0명,2021,1000000
202208,남성,50대,2000,강원도 동해시,42,전문직별 공사업,0명,2022,5000000
202208,남성,40대,2016,강원도 동해시,56,음식점 및 주점업,0명,2021,2000000
202208,남성,30대,2015,강원도 동해시,56,음식점 및 주점업,0명,2021,3000000
202208,남성,50대,1997,강원도 동해시,49,육상 운송 및 파이프라인 운송업,0명,2022,14000000
202208,여성,50대,2007,강원도 동해시,56,음식점 및 주점업,0명,2020,2000000
202208,여성,50대,2013,강원도 동해시,56,음식점 및 주점업,0명,2014,2000000
202208,여성,60대,2006,강원도 동해시,56,음식점 및 주점업,0명,2022,2000000
202208,여성,60대,2012,강원도 동해시,56,음식점 및 주점업,0명,2014,2000000
202208,여성,60대,2020,강원도 동해시,56,음식점 및 주점업,0명,2021,1000000
202208,여성,60대,2004,강원도 동해시,56,음식점 및 주점업,0명,2013,2000000
202208,남성,40대,2015,강원도 동해시,56,음식점 및 주점업,0명,2019,2000000
202208,남성,30대,2016,강원도 동해시,42,전문직별 공사업,0명,2017,2000000
202208,남성,50대,2011,강원도 동해시,10,식료품 제조업,1명 이상 5명 미만,2021,1096000000
202208,남성,50대,2011,강원도 동해시,46,도매 및 상품 중개업,5명 이상 10명 미만,2021,1096000000
202208,남성,50대,2010,강원도 동해시,46,도매 및 상품 중개업,1명 이상 5명 미만,2020,1096000000
202208,남성,40대,2006,강원도 동해시,46,도매 및 상품 중개업,0명,2017,1096000000
202208,남성,60대,1986,강원도 동해시,10,식료품 제조업,0명,2018,787000000
202208,남성,50대,2011,강원도 동해시,42,전문직별 공사업,0명,2021,3000000
202208,남성,50대,1998,강원도 동해시,29,기타 기계 및 장비 제조업,1명 이상 5명 미만,2020,851000000
202208,여성,50대,2021,강원도 동해시,45,자동차 및 부품 판매업,0명,2022,2000000
202208,남성,60대,2011,강원도 동해시,45,자동차 및 부품 판매업,0명,2015,2000000
202208,남성,50대,2018,강원도 동해시,42,전문직별 공사업,0명,2021,5000000
202208,남성,40대,2017,강원도 동해시,56,음식점 및 주점업,0명,2021,4000000
202208,여성,60대,2010,강원도 동해시,10,식료품 제조업,1명 이상 5명 미만,2021,1096000000
202208,여성,40대,2015,강원도 동해시,56,음식점 및 주점업,1명 이상 5명 미만,2019,580000000
202208,남성,50대,2008,강원도 동해시,10,식료품 제조업,1명 이상 5명 미만,2021,199000000
202208,남성,50대,2009,강원도 동해시,45,자동차 및 부품 판매업,0명,2020,2000000
202208,여성,30대,2016,강원도 동해시,56,음식점 및 주점업,0명,2019,2000000
202208,남성,40대,2018,강원도 동해시,49,육상 운송 및 파이프라인 운송업,0명,2020,2000000
202208,남성,30대,2018,강원도 동해시,56,음식점 및 주점업,0명,2020,2000000
202208,여성,30대,2016,강원도 동해시,56,음식점 및 주점업,0명,2020,2000000
202208,남성,50대,2014,강원도 동해시,42,전문직별 공사업,0명,2016,4000000
202208,남성,40대,2016,강원도 동해시,46,도매 및 상품 중개업,0명,2020,727000000
202208,남성,50대,2018,강원도 동해시,46,도매 및 상품 중개업,0명,2021,1096000000
202208,여성,60대,2020,강원도 동해시,56,음식점 및 주점업,0명,2022,4000000
202208,남성,60대,2019,강원도 동해시,49,육상 운송 및 파이프라인 운송업,0명,2021,3000000
202208,남성,50대,2014,강원도 동해시,47,소매업; 자동차 제외,10명 이상 30명 미만,2021,1096000000
202208,여성,30대,2020,강원도 동해시,47,소매업; 자동차 제외,1명 이상 5명 미만,2021,1096000000
202208,여성,50대,2012,강원도 동해시,45,자동차 및 부품 판매업,1명 이상 5명 미만,2020,1096000000
202208,남성,40대,2011,강원도 동해시,45,자동차 및 부품 판매업,1명 이상 5명 미만,2020,123000000
202208,남성,40대,2005,강원도 동해시,46,도매 및 상품 중개업,1명 이상 5명 미만,2021,582000000
202208,남성,60대,1999,강원도 동해시,10,식료품 제조업,10명 이상 30명 미만,2020,899000000
202208,여성,60대,2013,강원도 동해시,45,자동차 및 부품 판매업,0명,2017,2000000
202208,여성,60대,2012,강원도 동해시,56,음식점 및 주점업,0명,2013,2000000
202208,남성,40대,2009,강원도 동해시,46,도매 및 상품 중개업,0명,2021,407000000
202208,여성,40대,2018,강원도 동해시,56,음식점 및 주점업,5명 이상 10명 미만,2021,798000000
202208,남성,50대,1988,강원도 동해시,47,소매업; 자동차 제외,0명,2021,1096000000
202208,남성,50대,2012,강원도 동해시,45,자동차 및 부품 판매업,0명,2021,886000000
202208,남성,60대,2015,강원도 동해시,42,전문직별 공사업,0명,2019,2000000
202208,남성,50대,1999,강원도 동해시,45,자동차 및 부품 판매업,0명,2020,4000000
202208,남성,40대,2017,강원도 동해시,49,육상 운송 및 파이프라인 운송업,0명,2021,2000000
202208,남성,40대,2016,강원도 동해시,42,전문직별 공사업,0명,2017,3000000
202208,남성,50대,2008,강원도 동해시,42,전문직별 공사업,0명,2018,194000000
202208,남성,60대,2014,강원도 동해시,41,종합 건설업,0명,2020,2000000
202208,남성,40대,2017,강원도 동해시,42,전문직별 공사업,0명,2020,4000000
202208,여성,60대,2007,강원도 동해시,56,음식점 및 주점업,0명,2020,2000000
202208,여성,60대,2010,강원도 동해시,56,음식점 및 주점업,0명,2017,2000000
202208,남성,50대,2018,강원도 동해시,29,기타 기계 및 장비 제조업,1명 이상 5명 미만,2020,213000000
202208,여성,60대,2011,강원도 동해시,47,소매업; 자동차 제외,0명,2019,246000000
202208,여성,60대,1999,강원도 동해시,46,도매 및 상품 중개업,1명 이상 5명 미만,2020,571000000
202208,남성,40대,2008,강원도 동해시,95,개인 및 소비용품 수리업,1명 이상 5명 미만,2021,893000000
202208,남성,50대,2014,강원도 동해시,42,전문직별 공사업,0명,2017,3000000
202208,여성,50대,2016,강원도 동해시,96,기타 개인 서비스업,0명,2020,3000000
202208,남성,50대,2001,강원도 동해시,41,종합 건설업,0명,2011,4000000
202208,남성,40대,2017,강원도 동해시,49,육상 운송 및 파이프라인 운송업,0명,2022,4000000
202208,남성,50대,2013,강원도 동해시,49,육상 운송 및 파이프라인 운송업,0명,2019,2000000
202208,여성,50대,2014,강원도 동해시,56,음식점 및 주점업,0명,2021,2000000
202208,여성,30대,2017,강원도 삼척시,96,기타 개인 서비스업,0명,2019,2000000
202208,남성,60대,1983,강원도 삼척시,47,소매업; 자동차 제외,1명 이상 5명 미만,2021,1096000000
202208,남성,60대,2013,강원도 삼척시,42,전문직별 공사업,0명,2017,3000000
202208,남성,40대,2015,강원도 삼척시,46,도매 및 상품 중개업,0명,2021,1096000000
202208,여성,60대,2014,강원도 삼척시,56,음식점 및 주점업,0명,2015,2000000
202208,여성,50대,2018,강원도 삼척시,56,음식점 및 주점업,0명,2021,3000000
202208,남성,30대,2014,강원도 삼척시,47,소매업; 자동차 제외,1명 이상 5명 미만,2020,470000000
202208,남성,50대,2007,강원도 삼척시,47,소매업; 자동차 제외,5명 이상 10명 미만,2020,1096000000
202208,남성,50대,2016,강원도 삼척시,42,전문직별 공사업,0명,2021,4000000
202208,여성,60대,2009,강원도 삼척시,56,음식점 및 주점업,0명,2012,2000000
202208,여성,60대,2018,강원도 삼척시,56,음식점 및 주점업,0명,2020,2000000
202208,남성,50대,2016,강원도 삼척시,46,도매 및 상품 중개업,0명,2021,315000000
202208,여성,60대,2016,강원도 삼척시,56,음식점 및 주점업,0명,2017,2000000
202208,남성,50대,2016,강원도 삼척시,47,소매업; 자동차 제외,1명 이상 5명 미만,2018,1096000000
